<qgsScales version="1.0">
    <scale value="1:591657528"/>
    <scale value="1:295828764"/>
    <scale value="1:147914382"/>
    <scale value="1:73957191"/>
    <scale value="1:36978595"/>
    <scale value="1:18489298"/>
    <scale value="1:9244649"/>
    <scale value="1:4622324"/>
    <scale value="1:2311162"/>
    <scale value="1:1155581"/>
    <scale value="1:577791"/>
    <scale value="1:288895"/>
    <scale value="1:144448"/>
    <scale value="1:72224"/>
    <scale value="1:36112"/>
    <scale value="1:18056"/>
    <scale value="1:9028"/>
    <scale value="1:4514"/>
    <scale value="1:2257"/>
    <scale value="1:1128"/>
    <scale value="1:564"/>
    <scale value="1:282"/>
    <scale value="1:141"/>
    <scale value="1:71"/>
</qgsScales>



