iso_code,location,date,new_deaths,new_cases,new_tests,new_vaccinations,new_cases_per_thousand,new_tests_per-thousand,new_vaccinations_per_thousand,stringency_index
IND,India,1/16/2021,181,15144,803090,191181,15.144,803.09,191.181,68.98
IND,India,1/17/2021,145,13788,779377,33120,13.788,779.377,33.12,68.98
IND,India,1/18/2021,137,10050,548168,229748,10.05,548.168,229.748,68.98
IND,India,1/19/2021,162,13816,709791,220786,13.816,709.791,220.786,68.98
IND,India,1/20/2021,151,15244,764120,131649,15.244,764.12,131.649,68.98
IND,India,1/21/2021,163,14545,780835,237050,14.545,780.835,237.05,68.98
IND,India,1/22/2021,152,14256,800242,347058,14.256,800.242,347.058,68.98
IND,India,1/23/2021,155,14849,837095,191609,14.849,837.095,191.609,68.98
IND,India,1/24/2021,131,13203,781752,33303,13.203,781.752,33.303,68.98
IND,India,1/25/2021,117,9102,570246,408305,9.102,570.246,408.305,68.98
IND,India,1/26/2021,137,12689,725577,5671,12.689,725.577,5.671,67.13
IND,India,1/27/2021,123,11666,550426,326499,11.666,550.426,326.499,61.57
IND,India,1/28/2021,163,18855,725653,572074,18.855,725.653,572.074,61.57
IND,India,1/29/2021,137,13082,742306,571974,13.082,742.306,571.974,61.57
IND,India,1/30/2021,127,13044,756329,244307,13.044,756.329,244.307,61.57
IND,India,1/31/2021,118,11436,750964,14509,11.436,750.964,14.509,61.57
IND,India,2/1/2021,94,8635,504263,191313,8.635,504.263,191.313,61.57
IND,India,2/2/2021,110,11039,659422,188762,11.039,659.422,188.762,61.57
IND,India,2/3/2021,107,12899,721121,310634,12.899,721.121,310.634,61.57
IND,India,2/4/2021,120,12408,742841,509893,12.408,742.841,509.893,61.57
IND,India,2/5/2021,95,11713,715776,457404,11.713,715.776,457.404,61.57
IND,India,2/6/2021,78,12059,740794,358473,12.059,740.794,358.473,61.57
IND,India,2/7/2021,84,11831,695789,37040,11.831,695.789,37.04,61.57
IND,India,2/8/2021,78,9110,532236,446646,9.11,532.236,446.646,61.57
IND,India,2/9/2021,94,11067,687138,352553,11.067,687.138,352.553,61.57
IND,India,2/10/2021,108,12923,736903,405553,12.923,736.903,405.553,61.57
IND,India,2/11/2021,87,9309,699185,487896,9.309,699.185,487.896,61.57
IND,India,2/12/2021,103,12143,765944,462637,12.143,765.944,462.637,61.57
IND,India,2/13/2021,92,12194,743614,84807,12.194,743.614,84.807,61.57
IND,India,2/16/2021,100,11610,615664,340570,11.61,615.664,340.57,61.57
IND,India,2/17/2021,101,12881,644931,329416,12.881,644.931,329.416,61.57
IND,India,2/18/2021,97,13193,726562,659766,13.193,726.562,659.766,61.57
IND,India,2/19/2021,101,13993,771071,603419,13.993,771.071,603.419,61.57
IND,India,2/20/2021,90,14264,786618,388381,14.264,786.618,388.381,61.57
IND,India,2/21/2021,83,14199,670050,246850,14.199,670.05,246.85,61.57
IND,India,2/22/2021,78,10584,620216,338921,10.584,620.216,338.921,61.57
IND,India,2/23/2021,104,13742,678685,483298,13.742,678.685,483.298,61.57
IND,India,2/24/2021,138,16738,805844,459241,16.738,805.844,459.241,63.43
IND,India,2/25/2021,120,16577,793383,700414,16.577,793.383,700.414,63.43
IND,India,2/26/2021,113,16488,831807,689893,16.488,831.807,689.893,63.43
IND,India,2/27/2021,113,16752,773918,485607,16.752,773.918,485.607,63.43
IND,India,2/28/2021,106,15510,795723,58719,15.51,795.723,58.719,63.43
IND,India,3/1/2021,91,12286,627668,552870,12.286,627.668,552.87,63.43
IND,India,3/2/2021,98,14989,759283,766613,14.989,759.283,766.613,63.43
IND,India,3/3/2021,89,17407,785220,995299,17.407,785.22,995.299,63.43
IND,India,3/4/2021,113,16838,775631,1389455,16.838,775.631,1389.455,63.43
IND,India,3/5/2021,108,18284,761834,1492201,18.284,761.834,1492.201,63.43
IND,India,3/6/2021,100,18754,751935,1424640,18.754,751.935,1424.64,63.43
IND,India,3/7/2021,97,18599,737830,66666,18.599,737.83,66.666,63.43
IND,India,3/10/2021,126,22854,763081,1317105,22.854,763.081,1317.105,57.87
IND,India,3/11/2021,117,23285,778416,479909,23.285,778.416,479.909,57.87
IND,India,3/12/2021,140,24882,740345,2053537,24.882,740.345,2053.537,57.87
IND,India,3/13/2021,161,25320,840635,1519952,25.32,840.635,1519.952,57.87
IND,India,3/14/2021,118,26291,864368,169629,26.291,864.368,169.629,57.87
IND,India,3/15/2021,131,24492,703772,3039394,24.492,703.772,3039.394,57.87
IND,India,3/16/2021,188,28903,873350,2117104,28.903,873.35,2117.104,57.87
IND,India,3/17/2021,172,35871,969021,2078719,35.871,969.021,2078.719,57.87
IND,India,3/18/2021,154,39726,1063379,2196562,39.726,1063.379,2196.562,57.87
IND,India,3/19/2021,188,40953,1057383,2723575,40.953,1057.383,2723.575,57.87
IND,India,3/20/2021,197,43846,1060971,2540449,43.846,1060.971,2540.449,57.87
IND,India,3/23/2021,275,47262,967459,2346692,47.262,967.459,2346.692,57.87
IND,India,3/24/2021,251,53476,1025628,2304423,53.476,1025.628,2304.423,57.87
IND,India,3/25/2021,257,59118,1065021,2358731,59.118,1065.021,2358.731,57.87
IND,India,3/26/2021,291,62258,1100756,2605333,62.258,1100.756,2605.333,57.87
IND,India,3/27/2021,312,62714,1164915,2160009,62.714,1164.915,2160.009,57.87
IND,India,3/28/2021,291,68020,1181289,260653,68.02,1181.289,260.653,57.87
IND,India,3/29/2021,271,56211,913319,582919,56.211,913.319,582.919,57.87
IND,India,3/30/2021,354,53480,785864,1940999,53.48,785.864,1940.999,57.87
IND,India,3/31/2021,459,72330,1022915,2063543,72.33,1022.915,2063.543,57.87
IND,India,4/1/2021,469,81466,1125681,3671242,81.466,1125.681,3671.242,57.87
IND,India,4/2/2021,714,89129,1113966,4265157,89.129,1113.966,4265.157,57.87
IND,India,4/3/2021,513,93249,1046605,2925356,93.249,1046.605,2925.356,74.54
IND,India,4/4/2021,478,103558,1166716,3125512,103.558,1166.716,3125.512,74.54
IND,India,4/5/2021,446,96982,893749,4005763,96.982,893.749,4005.763,69.91
IND,India,4/6/2021,630,115736,1211612,3966548,115.736,1211.612,3966.548,69.91
IND,India,4/7/2021,685,126789,1208329,3121199,126.789,1208.329,3121.199,69.91
IND,India,4/8/2021,780,131968,1237781,4135589,131.968,1237.781,4135.589,69.91
IND,India,4/9/2021,794,145384,1364205,3740898,145.384,1364.205,3740.898,69.91
IND,India,4/10/2021,839,152879,1173219,3519987,152.879,1173.219,3519.987,69.91
IND,India,4/11/2021,904,168912,1412047,2933418,168.912,1412.047,2933.418,69.91
IND,India,4/12/2021,879,161736,1180136,4004520,161.736,1180.136,4004.52,69.91
IND,India,4/13/2021,1027,184372,1400122,2646493,184.372,1400.122,2646.493,69.91
IND,India,4/14/2021,1038,200739,1411758,3313660,200.739,1411.758,3313.66,69.91
IND,India,4/15/2021,1185,217353,1384549,2730271,217.353,1384.549,2730.271,69.91
IND,India,4/16/2021,1341,234692,1473210,2714132,234.692,1473.21,2714.132,69.91
IND,India,4/17/2021,1501,261394,1495397,2684949,261.394,1495.397,2684.949,69.91
IND,India,4/18/2021,1619,273802,1566394,1229976,273.802,1566.394,1229.976,69.91
IND,India,4/19/2021,1761,259167,1356133,3276547,259.167,1356.133,3276.547,73.61
IND,India,4/22/2021,2263,332921,1651711,3108503,332.921,1651.711,3108.503,73.61
IND,India,4/26/2021,2771,323023,1402367,3339774,323.023,1402.367,3339.774,73.61
IND,India,4/27/2021,3293,360927,1658700,2354286,360.927,1658.7,2354.286,73.61
IND,India,4/28/2021,3645,379308,1723912,2174159,379.308,1723.912,2174.159,73.61
IND,India,4/29/2021,3498,386555,1768190,2215380,386.555,1768.19,2215.38,73.61
IND,India,4/30/2021,3523,401993,1920107,2729335,401.993,1920.107,2729.335,73.61
IND,India,5/1/2021,3689,392488,1945299,1628218,392.488,1945.299,1628.218,73.61
IND,India,5/2/2021,3417,368060,1804954,585186,368.06,1804.954,585.186,73.61
IND,India,5/3/2021,3449,357316,1504698,1870625,357.316,1504.698,1870.625,73.61
IND,India,5/4/2021,3780,382146,1663742,1668616,382.146,1663.742,1668.616,73.61
IND,India,5/5/2021,3980,412431,1541299,2180486,412.431,1541.299,2180.486,73.61
IND,India,5/6/2021,3915,414188,1923131,2672365,414.188,1923.131,2672.365,73.61
IND,India,5/7/2021,4187,401078,1826490,2586397,401.078,1826.49,2586.397,73.61
IND,India,5/8/2021,4077,403405,1808344,2303857,403.405,1808.344,2303.857,73.61
IND,India,5/9/2021,3769,366494,1865428,811011,366.494,1865.428,811.011,73.61
IND,India,5/10/2021,3876,329942,1474606,2794050,329.942,1474.606,2794.05,81.94
IND,India,5/11/2021,4205,348421,1850110,2763725,348.421,1850.11,2763.725,81.94
IND,India,5/12/2021,4120,362727,1983804,2182934,362.727,1983.804,2182.934,81.94
IND,India,5/13/2021,4000,343144,1864594,2316269,343.144,1864.594,2316.269,81.94
IND,India,5/14/2021,3890,326098,1875515,1284567,326.098,1875.515,1284.567,81.94
IND,India,5/15/2021,4077,311170,1693093,1898123,311.17,1693.093,1898.123,81.94
IND,India,5/18/2021,4529,267334,1869223,1374398,267.334,1869.223,1374.398,81.94
IND,India,5/19/2021,3874,276110,2008296,1218998,276.11,2008.296,1218.998,81.94
IND,India,5/20/2021,4209,259551,2055010,1476285,259.551,2055.01,1476.285,81.94
IND,India,5/23/2021,4454,222315,2123782,876743,222.315,2123.782,876.743,81.94
IND,India,5/24/2021,3511,196427,1928127,2446471,196.427,1928.127,2446.471,81.94
IND,India,5/25/2021,4157,208921,2058112,1341068,208.921,2058.112,1341.068,81.94
IND,India,5/26/2021,3847,211298,2217320,2918836,211.298,2217.32,2918.836,81.94
IND,India,5/27/2021,3660,186364,2157857,2777551,186.364,2157.857,2777.551,81.94
IND,India,5/28/2021,3617,173790,2070508,1963636,173.79,2070.508,1963.636,81.94
IND,India,5/29/2021,3460,165553,2080048,3922151,165.553,2080.048,3922.151,81.94
IND,India,5/30/2021,3128,152734,2063839,1576170,152.734,2063.839,1576.17,81.94
IND,India,5/31/2021,2795,127510,1683135,1784772,127.51,1683.135,1784.772,81.94
IND,India,6/1/2021,3207,132788,1925374,2685843,132.788,1925.374,2685.843,81.94
IND,India,6/2/2021,2887,134154,3265073,2542428,134.154,3265.073,2542.428,81.94
IND,India,6/3/2021,2713,132364,3725318,2666218,132.364,3725.318,2666.218,81.94
IND,India,6/4/2021,3380,120529,3651198,5263384,120.529,3651.198,5263.384,81.94
IND,India,6/5/2021,2677,114460,3740296,1963376,114.46,3740.296,1963.376,81.94
IND,India,6/6/2021,2427,100636,3572380,2469901,100.636,3572.38,2469.901,81.94
IND,India,6/7/2021,2123,86498,1587589,2449607,86.498,1587.589,2449.607,81.94
IND,India,6/8/2021,2219,92596,1873485,3190277,92.596,1873.485,3190.277,81.94
IND,India,6/9/2021,2177,93463,1985967,3175576,93.463,1985.967,3175.576,81.94
IND,India,6/10/2021,7374,92291,2004690,3425398,92.291,2004.69,3425.398,81.94
IND,India,6/11/2021,4002,84332,2044131,3421339,84.332,2044.131,3421.339,81.94
IND,India,6/12/2021,3303,80834,1989778,2484825,80.834,1989.778,2484.825,81.94
IND,India,6/13/2021,3921,70421,1900312,3242349,70.421,1900.312,3242.349,81.94
IND,India,6/14/2021,2726,60471,1492152,3329948,60.471,1492.152,3329.948,81.94
IND,India,6/15/2021,2542,62224,1751358,2545002,62.224,1751.358,2545.002,81.94
IND,India,6/16/2021,2330,67208,1930987,3020534,67.208,1930.987,3020.534,81.94
IND,India,6/17/2021,1587,62480,1931249,4644350,62.48,1931.249,4644.35,81.94
IND,India,6/18/2021,1647,60753,1929476,3385690,60.753,1929.476,3385.69,81.94
IND,India,6/19/2021,1571,58226,2039941,4552372,58.226,2039.941,4552.372,81.94
IND,India,6/20/2021,1427,53449,1811446,3378287,53.449,1811.446,3378.287,81.94
IND,India,6/21/2021,1167,42640,1388699,9027343,42.64,1388.699,9027.343,81.94
IND,India,6/22/2021,1358,50848,1664360,6541514,50.848,1664.36,6541.514,81.94
IND,India,6/23/2021,1321,54069,1901056,3514882,54.069,1901.056,3514.882,81.94
IND,India,6/24/2021,1329,51667,1859469,6683689,51.667,1859.469,6683.689,81.94
IND,India,6/25/2021,1183,48698,1735781,6607501,48.698,1735.781,6607.501,81.94
IND,India,6/26/2021,1258,50040,2243444,8179856,50.04,2243.444,8179.856,81.94
IND,India,6/27/2021,979,46148,2453209,3189028,46.148,2453.209,3189.028,81.94
IND,India,6/28/2021,907,37566,2106178,3393166,37.566,2106.178,3393.166,81.94
IND,India,6/29/2021,817,45951,1768008,6000335,45.951,1768.008,6000.335,81.94
IND,India,6/30/2021,1005,48786,1960757,1734226,48.786,1960.757,1734.226,81.94
IND,India,7/1/2021,853,46617,1921450,5583510,46.617,1921.45,5583.51,81.94
IND,India,7/2/2021,738,44111,2230026,930145,44.111,2230.026,930.145,81.94
IND,India,7/3/2021,955,43071,2164943,8628796,43.071,2164.943,8628.796,81.94
IND,India,7/4/2021,723,39796,1838490,3077960,39.796,1838.49,3077.96,81.94
IND,India,7/5/2021,553,34703,1522504,3850947,34.703,1522.504,3850.947,81.94
ISR,Israel,12/20/2020,25,1874,73444,7374,1.874,73.444,7.374,71.3
ISR,Israel,12/21/2020,12,3499,95599,24884,3.499,95.599,24.884,71.3
ISR,Israel,12/22/2020,25,4228,95331,44614,4.228,95.331,44.614,74.07
ISR,Israel,12/23/2020,14,2535,99562,62830,2.535,99.562,62.83,74.07
ISR,Israel,12/24/2020,21,4656,102717,73328,4.656,102.717,73.328,74.07
ISR,Israel,12/25/2020,15,4713,87038,38450,4.713,87.038,38.45,74.07
ISR,Israel,12/26/2020,24,4273,64929,32573,4.273,64.929,32.573,74.07
ISR,Israel,12/27/2020,16,2806,72924,104370,2.806,72.924,104.37,82.41
ISR,Israel,12/28/2020,30,5815,100039,134805,5.815,100.039,134.805,82.41
ISR,Israel,12/29/2020,36,5113,99628,155946,5.113,99.628,155.946,82.41
ISR,Israel,12/30/2020,15,4186,103391,152726,4.186,103.391,152.726,82.41
ISR,Israel,12/31/2020,18,6678,103597,158174,6.678,103.597,158.174,82.41
ISR,Israel,1/1/2021,31,5248,101217,71234,5.248,101.217,71.234,82.41
ISR,Israel,1/2/2021,36,6289,77160,71626,6.289,77.16,71.626,82.41
ISR,Israel,1/3/2021,24,6743,79939,149402,6.743,79.939,149.402,82.41
ISR,Israel,1/4/2021,29,6631,111655,151838,6.631,111.655,151.838,82.41
ISR,Israel,1/5/2021,51,7966,116538,124854,7.966,116.538,124.854,82.41
ISR,Israel,1/6/2021,33,7309,122920,103074,7.309,122.92,103.074,82.41
ISR,Israel,1/7/2021,23,7600,117948,115827,7.6,117.948,115.827,85.19
ISR,Israel,1/8/2021,44,6309,116982,66298,6.309,116.982,66.298,85.19
ISR,Israel,1/9/2021,49,8077,80260,44477,8.077,80.26,44.477,85.19
ISR,Israel,1/10/2021,26,5885,96441,43523,5.885,96.441,43.523,85.19
ISR,Israel,1/11/2021,33,9754,126327,40250,9.754,126.327,40.25,85.19
ISR,Israel,1/12/2021,67,8990,120994,59543,8.99,120.994,59.543,85.19
ISR,Israel,1/13/2021,46,9997,122324,108731,9.997,122.324,108.731,85.19
ISR,Israel,1/14/2021,53,9754,124893,125057,9.754,124.893,125.057,85.19
ISR,Israel,1/15/2021,40,5235,102024,66497,5.235,102.024,66.497,85.19
ISR,Israel,1/16/2021,49,8450,71754,55344,8.45,71.754,55.344,85.19
ISR,Israel,1/17/2021,46,8190,64475,152711,8.19,64.475,152.711,85.19
ISR,Israel,1/18/2021,39,6560,102021,189739,6.56,102.021,189.739,85.19
ISR,Israel,1/19/2021,36,7380,96080,210102,7.38,96.08,210.102,85.19
ISR,Israel,1/20/2021,101,10213,93421,219930,10.213,93.421,219.93,85.19
ISR,Israel,1/21/2021,64,7027,82627,233538,7.027,82.627,233.538,85.19
ISR,Israel,1/22/2021,21,6159,86036,108637,6.159,86.036,108.637,85.19
ISR,Israel,1/23/2021,75,4933,31000,93324,4.933,31,93.324,85.19
ISR,Israel,1/24/2021,78,3442,54458,209276,3.442,54.458,209.276,85.19
ISR,Israel,1/25/2021,79,3666,91654,219905,3.666,91.654,219.905,85.19
ISR,Israel,1/26/2021,15,8587,83591,204546,8.587,83.591,204.546,85.19
ISR,Israel,1/27/2021,92,11934,86103,202412,11.934,86.103,202.412,85.19
ISR,Israel,1/28/2021,64,7305,78521,209701,7.305,78.521,209.701,85.19
ISR,Israel,1/29/2021,31,5096,74377,101132,5.096,74.377,101.132,85.19
ISR,Israel,1/30/2021,38,4798,26885,76948,4.798,26.885,76.948,85.19
ISR,Israel,1/31/2021,58,4646,55061,132519,4.646,55.061,132.519,87.04
ISR,Israel,2/1/2021,20,8811,93114,117479,8.811,93.114,117.479,87.04
ISR,Israel,2/2/2021,71,7732,88878,100811,7.732,88.878,100.811,87.04
ISR,Israel,2/3/2021,61,8896,86393,111341,8.896,86.393,111.341,87.04
ISR,Israel,2/4/2021,53,6744,84657,130306,6.744,84.657,130.306,87.04
ISR,Israel,2/5/2021,19,5238,84147,62433,5.238,84.147,62.433,87.04
ISR,Israel,2/6/2021,51,4727,29034,43673,4.727,29.034,43.673,87.04
ISR,Israel,2/7/2021,50,6518,54012,122483,6.518,54.012,122.483,64.81
ISR,Israel,2/8/2021,50,4427,91354,123683,4.427,91.354,123.683,64.81
ISR,Israel,2/9/2021,45,7191,81706,133397,7.191,81.706,133.397,64.81
ISR,Israel,2/10/2021,41,6010,77548,142283,6.01,77.548,142.283,64.81
ISR,Israel,2/11/2021,26,5083,76506,152425,5.083,76.506,152.425,62.96
ISR,Israel,2/12/2021,21,3934,67596,76346,3.934,67.596,76.346,62.96
ISR,Israel,2/13/2021,47,3100,24927,57734,3.1,24.927,57.734,62.96
ISR,Israel,2/14/2021,37,2534,47472,143599,2.534,47.472,143.599,62.96
ISR,Israel,2/15/2021,26,5913,70971,156808,5.913,70.971,156.808,62.96
ISR,Israel,2/16/2021,27,4282,74151,161358,4.282,74.151,161.358,62.96
ISR,Israel,2/17/2021,32,4054,64502,137133,4.054,64.502,137.133,62.96
ISR,Israel,2/18/2021,36,3305,52620,148469,3.305,52.62,148.469,62.96
ISR,Israel,2/19/2021,17,2579,62785,77551,2.579,62.785,77.551,62.96
ISR,Israel,2/20/2021,0,0,19606,60226,0,19.606,60.226,62.96
ISR,Israel,2/21/2021,51,5530,50268,157658,5.53,50.268,157.658,62.96
ISR,Israel,2/22/2021,19,4955,70490,165227,4.955,70.49,165.227,62.96
ISR,Israel,2/23/2021,38,4574,74412,147421,4.574,74.412,147.421,62.96
ISR,Israel,2/24/2021,26,4184,76206,123745,4.184,76.206,123.745,62.96
ISR,Israel,2/25/2021,27,3970,70316,116047,3.97,70.316,116.047,78.7
ISR,Israel,2/26/2021,10,3054,65689,57640,3.054,65.689,57.64,78.7
ISR,Israel,2/27/2021,35,2555,24383,39383,2.555,24.383,39.383,78.7
ISR,Israel,2/28/2021,20,2472,54626,95876,2.472,54.626,95.876,62.96
ISR,Israel,3/1/2021,8,4151,91176,106774,4.151,91.176,106.774,62.96
ISR,Israel,3/2/2021,30,5260,93237,105525,5.26,93.237,105.525,62.96
ISR,Israel,3/3/2021,13,4267,95204,108342,4.267,95.204,108.342,62.96
ISR,Israel,3/4/2021,19,3922,92360,118322,3.922,92.36,118.322,62.96
ISR,Israel,3/5/2021,12,3058,101667,57488,3.058,101.667,57.488,62.96
ISR,Israel,3/6/2021,22,3262,41052,35844,3.262,41.052,35.844,62.96
ISR,Israel,3/7/2021,35,1848,64333,103643,1.848,64.333,103.643,60.19
ISR,Israel,3/8/2021,26,3541,98941,100241,3.541,98.941,100.241,60.19
ISR,Israel,3/9/2021,16,3146,95499,102977,3.146,95.499,102.977,60.19
ISR,Israel,3/10/2021,17,3230,99099,81594,3.23,99.099,81.594,60.19
ISR,Israel,3/11/2021,17,2758,85509,91940,2.758,85.509,91.94,60.19
ISR,Israel,3/12/2021,13,1948,85495,52391,1.948,85.495,52.391,60.19
ISR,Israel,3/13/2021,8,1601,27131,33029,1.601,27.131,33.029,60.19
ISR,Israel,3/14/2021,23,1178,58720,94656,1.178,58.72,94.656,60.19
ISR,Israel,3/15/2021,19,1936,89217,97953,1.936,89.217,97.953,60.19
ISR,Israel,3/16/2021,18,1790,75458,89885,1.79,75.458,89.885,60.19
ISR,Israel,3/17/2021,9,1475,80584,76334,1.475,80.584,76.334,60.19
ISR,Israel,3/18/2021,12,1384,65560,73788,1.384,65.56,73.788,60.19
ISR,Israel,3/19/2021,4,1047,61951,34620,1.047,61.951,34.62,60.19
ISR,Israel,3/20/2021,9,611,19216,20343,0.611,19.216,20.343,60.19
ISR,Israel,3/21/2021,10,552,48046,53393,0.552,48.046,53.393,60.19
ISR,Israel,3/22/2021,17,992,60546,53724,0.992,60.546,53.724,60.19
ISR,Israel,3/23/2021,13,925,41462,9755,0.925,41.462,9.755,60.19
ISR,Israel,3/24/2021,32,339,45322,57136,0.339,45.322,57.136,60.19
ISR,Israel,3/25/2021,9,817,65419,45289,0.817,65.419,45.289,60.19
ISR,Israel,3/26/2021,2,538,48661,17221,0.538,48.661,17.221,60.19
ISR,Israel,3/27/2021,0,0,16849,5910,0,16.849,5.91,60.19
ISR,Israel,3/28/2021,20,541,11487,6587,0.541,11.487,6.587,60.19
ISR,Israel,3/29/2021,12,201,42369,36631,0.201,42.369,36.631,60.19
ISR,Israel,3/30/2021,-4,514,44754,29889,0.514,44.754,29.889,60.19
ISR,Israel,3/31/2021,16,466,39679,27198,0.466,39.679,27.198,60.19
ISR,Israel,4/1/2021,11,351,35774,26411,0.351,35.774,26.411,60.19
ISR,Israel,4/2/2021,0,251,33877,10732,0.251,33.877,10.732,60.19
ISR,Israel,4/3/2021,16,363,12106,4217,0.363,12.106,4.217,60.19
ISR,Israel,4/4/2021,7,177,32889,32254,0.177,32.889,32.254,60.19
ISR,Israel,4/5/2021,5,356,58150,31252,0.356,58.15,31.252,60.19
ISR,Israel,4/6/2021,9,317,60031,25323,0.317,60.031,25.323,60.19
ISR,Israel,4/7/2021,9,296,54048,23763,0.296,54.048,23.763,60.19
ISR,Israel,4/8/2021,13,270,43024,25907,0.27,43.024,25.907,60.19
ISR,Israel,4/9/2021,1,188,36064,9422,0.188,36.064,9.422,60.19
ISR,Israel,4/10/2021,12,139,11188,4920,0.139,11.188,4.92,60.19
ISR,Israel,4/11/2021,4,120,38995,22988,0.12,38.995,22.988,60.19
ISR,Israel,4/12/2021,8,225,61406,21724,0.225,61.406,21.724,60.19
ISR,Israel,4/13/2021,5,176,76061,10377,0.176,76.061,10.377,60.19
ISR,Israel,4/14/2021,3,256,57994,8535,0.256,57.994,8.535,60.19
ISR,Israel,4/15/2021,3,312,14282,863,0.312,14.282,0.863,60.19
ISR,Israel,4/16/2021,1,34,30617,9647,0.034,30.617,9.647,60.19
ISR,Israel,4/17/2021,15,-53,11152,2655,-0.053,11.152,2.655,60.19
ISR,Israel,4/18/2021,4,164,37458,14315,0.164,37.458,14.315,58.33
ISR,Israel,4/19/2021,6,171,52888,13172,0.171,52.888,13.172,58.33
ISR,Israel,4/20/2021,4,139,55068,12728,0.139,55.068,12.728,58.33
ISR,Israel,4/21/2021,1,135,47510,13050,0.135,47.51,13.05,58.33
ISR,Israel,4/22/2021,0,315,35039,13209,0.315,35.039,13.209,58.33
ISR,Israel,4/23/2021,0,85,35691,5816,0.085,35.691,5.816,58.33
ISR,Israel,4/24/2021,4,82,8762,1890,0.082,8.762,1.89,58.33
ISR,Israel,4/25/2021,2,50,31159,11541,0.05,31.159,11.541,58.33
ISR,Israel,4/26/2021,1,83,39944,13055,0.083,39.944,13.055,58.33
ISR,Israel,4/27/2021,6,110,34208,10761,0.11,34.208,10.761,58.33
ISR,Israel,4/28/2021,2,106,36852,11404,0.106,36.852,11.404,58.33
ISR,Israel,4/29/2021,1,84,34642,11275,0.084,34.642,11.275,52.78
ISR,Israel,4/30/2021,1,74,36327,4731,0.074,36.327,4.731,52.78
ISR,Israel,5/1/2021,0,0,9241,1202,0,9.241,1.202,52.78
ISR,Israel,5/2/2021,3,73,28853,9107,0.073,28.853,9.107,52.78
ISR,Israel,5/3/2021,1,67,37993,9029,0.067,37.993,9.029,52.78
ISR,Israel,5/4/2021,2,76,39558,7910,0.076,39.558,7.91,52.78
ISR,Israel,5/5/2021,1,70,40603,6973,0.07,40.603,6.973,52.78
ISR,Israel,5/6/2021,4,61,31747,6358,0.061,31.747,6.358,52.78
ISR,Israel,5/7/2021,1,30,34022,3943,0.03,34.022,3.943,52.78
ISR,Israel,5/8/2021,1,28,11584,598,0.028,11.584,0.598,52.78
ISR,Israel,5/9/2021,1,8,26930,7388,0.008,26.93,7.388,52.78
ISR,Israel,5/10/2021,1,63,40716,7285,0.063,40.716,7.285,52.78
ISR,Israel,5/11/2021,0,43,35995,6053,0.043,35.995,6.053,52.78
ISR,Israel,5/12/2021,1,30,31409,4909,0.03,31.409,4.909,52.78
ISR,Israel,5/13/2021,0,29,21744,5288,0.029,21.744,5.288,52.78
ISR,Israel,5/14/2021,1,20,21685,2103,0.02,21.685,2.103,52.78
ISR,Israel,5/15/2021,1,39,5708,305,0.039,5.708,0.305,52.78
ISR,Israel,5/16/2021,1,1,15993,1559,0.001,15.993,1.559,52.78
ISR,Israel,5/17/2021,7,40,9564,945,0.04,9.564,0.945,52.78
ISR,Israel,5/18/2021,3,8,27655,6613,0.008,27.655,6.613,52.78
ISR,Israel,5/19/2021,3,54,35438,6905,0.054,35.438,6.905,52.78
ISR,Israel,5/20/2021,1,42,24980,5808,0.042,24.98,5.808,52.78
ISR,Israel,5/21/2021,1,27,28446,2230,0.027,28.446,2.23,52.78
ISR,Israel,5/22/2021,0,18,7576,462,0.018,7.576,0.462,52.78
ISR,Israel,5/23/2021,7,11,19560,5317,0.011,19.56,5.317,52.78
ISR,Israel,5/24/2021,2,48,37942,5438,0.048,37.942,5.438,52.78
ISR,Israel,5/25/2021,0,22,30189,4086,0.022,30.189,4.086,52.78
ISR,Israel,5/26/2021,0,19,28735,3542,0.019,28.735,3.542,52.78
ISR,Israel,5/27/2021,0,12,30693,4576,0.012,30.693,4.576,52.78
ISR,Israel,5/28/2021,1,13,33925,1856,0.013,33.925,1.856,52.78
ISR,Israel,5/29/2021,0,20,10137,265,0.02,10.137,0.265,52.78
ISR,Israel,5/30/2021,4,5,22361,3391,0.005,22.361,3.391,52.78
ISR,Israel,5/31/2021,1,17,29553,3469,0.017,29.553,3.469,52.78
ISR,Israel,6/1/2021,1,36,25811,2841,0.036,25.811,2.841,29.63
ISR,Israel,6/2/2021,2,6,18805,2715,0.006,18.805,2.715,29.63
ISR,Israel,6/3/2021,1,15,17145,2793,0.015,17.145,2.793,29.63
ISR,Israel,6/4/2021,1,7,18710,1471,0.007,18.71,1.471,29.63
ISR,Israel,6/5/2021,1,27,7653,169,0.027,7.653,0.169,29.63
ISR,Israel,6/6/2021,0,5,18021,5052,0.005,18.021,5.052,29.63
ISR,Israel,6/7/2021,0,14,25742,4882,0.014,25.742,4.882,29.63
ISR,Israel,6/8/2021,0,0,24809,4568,0,24.809,4.568,29.63
ISR,Israel,6/9/2021,0,0,18123,4581,0,18.123,4.581,29.63
ISR,Israel,6/10/2021,10,45,19056,4306,0.045,19.056,4.306,29.63
ISR,Israel,6/11/2021,0,23,18646,1644,0.023,18.646,1.644,29.63
ISR,Israel,6/12/2021,0,8,11069,227,0.008,11.069,0.227,29.63
ISR,Israel,6/13/2021,2,5,21020,4196,0.005,21.02,4.196,29.63
ISR,Israel,6/14/2021,-2,24,30825,4226,0.024,30.825,4.226,29.63
ISR,Israel,6/15/2021,0,11,28141,4128,0.011,28.141,4.128,22.22
ISR,Israel,6/16/2021,0,19,23157,3389,0.019,23.157,3.389,22.22
ISR,Israel,6/17/2021,-1,27,21658,3557,0.027,21.658,3.557,22.22
ISR,Israel,6/18/2021,0,22,28803,1413,0.022,28.803,1.413,22.22
ISR,Israel,6/19/2021,0,61,18711,219,0.061,18.711,0.219,22.22
ISR,Israel,6/20/2021,0,37,34771,4427,0.037,34.771,4.427,24.07
ISR,Israel,6/21/2021,0,123,50798,6084,0.123,50.798,6.084,24.07
ISR,Israel,6/22/2021,1,89,45840,7619,0.089,45.84,7.619,24.07
ISR,Israel,6/23/2021,0,146,43373,11671,0.146,43.373,11.671,24.07
ISR,Israel,6/24/2021,1,219,41435,13143,0.219,41.435,13.143,24.07
ISR,Israel,6/25/2021,0,194,58321,7681,0.194,58.321,7.681,29.63
ISR,Israel,6/26/2021,0,185,33054,2295,0.185,33.054,2.295,29.63
ISR,Israel,6/27/2021,0,65,40383,16802,0.065,40.383,16.802,29.63
ISR,Israel,6/28/2021,0,308,68178,17785,0.308,68.178,17.785,29.63
ISR,Israel,6/29/2021,0,290,68004,20010,0.29,68.004,20.01,29.63
ISR,Israel,6/30/2021,0,291,59262,19454,0.291,59.262,19.454,29.63
ISR,Israel,7/1/2021,0,290,63180,19848,0.29,63.18,19.848,29.63
ISR,Israel,7/2/2021,0,304,69345,11051,0.304,69.345,11.051,29.63
JPN,Japan,2/18/2021,76,1525,54504,486,1.525,54.504,0.486,49.54
JPN,Japan,2/19/2021,66,1297,74955,4428,1.297,74.955,4.428,49.54
JPN,Japan,2/25/2021,74,1084,59234,4008,1.084,59.234,4.008,49.54
JPN,Japan,2/26/2021,80,1057,57864,6634,1.057,57.864,6.634,49.54
JPN,Japan,3/2/2021,65,922,82324,2987,0.922,82.324,2.987,48.15
JPN,Japan,3/3/2021,63,1244,30168,2531,1.244,30.168,2.531,48.15
JPN,Japan,3/4/2021,67,1149,68856,1871,1.149,68.856,1.871,48.15
JPN,Japan,3/5/2021,55,1129,45153,7295,1.129,45.153,7.295,48.15
JPN,Japan,3/9/2021,58,1175,40237,36762,1.175,40.237,36.762,45.37
JPN,Japan,3/10/2021,53,1259,60152,41392,1.259,60.152,41.392,45.37
JPN,Japan,3/11/2021,45,1303,56851,32234,1.303,56.851,32.234,45.37
JPN,Japan,3/12/2021,58,1263,55562,49358,1.263,55.562,49.358,45.37
JPN,Japan,3/16/2021,57,1142,47776,68916,1.142,47.776,68.916,42.59
JPN,Japan,3/17/2021,36,1545,84919,78294,1.545,84.919,78.294,42.59
JPN,Japan,3/18/2021,32,1460,54899,71217,1.46,54.899,71.217,42.59
JPN,Japan,3/19/2021,33,1469,71301,70133,1.469,71.301,70.133,42.59
JPN,Japan,3/23/2021,51,1517,52715,46428,1.517,52.715,46.428,42.59
JPN,Japan,3/24/2021,21,1974,59974,42054,1.974,59.974,42.054,42.59
JPN,Japan,3/25/2021,27,1911,62645,33942,1.911,62.645,33.942,42.59
JPN,Japan,3/26/2021,33,1977,67296,47747,1.977,67.296,47.747,42.59
JPN,Japan,3/30/2021,33,2141,41247,59069,2.141,41.247,59.069,42.59
JPN,Japan,3/31/2021,43,2864,67435,53008,2.864,67.435,53.008,42.59
JPN,Japan,4/1/2021,18,2598,65377,47373,2.598,65.377,47.373,42.59
JPN,Japan,4/2/2021,18,2714,61146,46586,2.714,61.146,46.586,42.59
JPN,Japan,4/6/2021,22,2615,53019,91682,2.615,53.019,91.682,42.59
JPN,Japan,4/7/2021,35,3453,58424,104542,3.453,58.424,104.542,42.59
JPN,Japan,4/8/2021,25,3491,70959,94498,3.491,70.959,94.498,42.59
JPN,Japan,4/9/2021,14,3480,67609,104911,3.48,67.609,104.911,45.37
JPN,Japan,4/13/2021,29,3449,65278,58059,3.449,65.278,58.059,45.37
JPN,Japan,4/14/2021,49,5482,73092,55749,5.482,73.092,55.749,45.37
JPN,Japan,4/15/2021,35,4515,82330,61060,4.515,82.33,61.06,45.37
JPN,Japan,4/16/2021,46,4511,77966,79383,4.511,77.966,79.383,45.37
JPN,Japan,4/17/2021,41,4802,50503,7660,4.802,50.503,7.66,45.37
JPN,Japan,4/18/2021,17,4111,30571,8271,4.111,30.571,8.271,45.37
JPN,Japan,4/19/2021,19,2274,86696,148608,2.274,86.696,148.608,45.37
JPN,Japan,4/20/2021,53,4973,70951,170958,4.973,70.951,170.958,45.37
JPN,Japan,4/21/2021,55,5369,96428,205245,5.369,96.428,205.245,45.37
JPN,Japan,4/22/2021,41,5526,94257,201667,5.526,94.257,201.667,45.37
JPN,Japan,4/23/2021,56,5014,91286,225006,5.014,91.286,225.006,45.37
JPN,Japan,4/24/2021,56,5622,58221,30842,5.622,58.221,30.842,45.37
JPN,Japan,4/25/2021,49,4623,35886,21558,4.623,35.886,21.558,49.07
JPN,Japan,4/26/2021,29,3283,83925,315588,3.283,83.925,315.588,49.07
JPN,Japan,4/27/2021,63,4966,81048,272409,4.966,81.048,272.409,49.07
JPN,Japan,4/28/2021,21,3796,68106,312973,3.796,68.106,312.973,49.07
JPN,Japan,4/29/2021,108,7914,91921,17814,7.914,91.921,17.814,49.07
JPN,Japan,4/30/2021,39,4684,64494,331519,4.684,64.494,331.519,49.07
JPN,Japan,5/1/2021,82,5989,68323,35501,5.989,68.323,35.501,49.07
JPN,Japan,5/2/2021,61,5897,36217,22686,5.897,36.217,22.686,49.07
JPN,Japan,5/3/2021,49,4475,44186,7729,4.475,44.186,7.729,49.07
JPN,Japan,5/4/2021,50,4197,27746,8564,4.197,27.746,8.564,49.07
JPN,Japan,5/5/2021,60,4068,67085,10017,4.068,67.085,10.017,49.07
JPN,Japan,5/6/2021,65,4383,89586,379182,4.383,89.586,379.182,49.07
JPN,Japan,5/7/2021,146,6046,109758,188103,6.046,109.758,188.103,49.07
JPN,Japan,5/8/2021,84,7249,71001,63216,7.249,71.001,63.216,49.07
JPN,Japan,5/9/2021,64,6578,41338,77310,6.578,41.338,77.31,49.07
JPN,Japan,5/10/2021,71,4857,130677,340351,4.857,130.677,340.351,49.07
JPN,Japan,5/11/2021,114,6360,97038,320942,6.36,97.038,320.942,49.07
JPN,Japan,5/12/2021,103,7521,87073,370399,7.521,87.073,370.399,49.07
JPN,Japan,5/13/2021,101,6367,122502,404269,6.367,122.502,404.269,49.07
JPN,Japan,5/14/2021,81,6288,99676,400881,6.288,99.676,400.881,49.07
JPN,Japan,5/15/2021,94,6331,66868,158695,6.331,66.868,158.695,49.07
JPN,Japan,5/16/2021,47,5265,35948,202965,5.265,35.948,202.965,49.07
JPN,Japan,5/17/2021,116,3738,95425,589003,3.738,95.425,589.003,49.07
JPN,Japan,5/18/2021,216,5204,86352,541496,5.204,86.352,541.496,49.07
JPN,Japan,5/19/2021,97,5854,149234,614058,5.854,149.234,614.058,49.07
JPN,Japan,5/20/2021,106,5710,97287,517838,5.71,97.287,517.838,49.07
JPN,Japan,5/21/2021,113,5254,117145,554760,5.254,117.145,554.76,49.07
JPN,Japan,5/22/2021,84,4985,66583,310859,4.985,66.583,310.859,49.07
JPN,Japan,5/23/2021,62,4045,35263,343376,4.045,35.263,343.376,49.07
JPN,Japan,5/24/2021,86,2743,91616,768193,2.743,91.616,768.193,49.07
JPN,Japan,5/25/2021,106,3918,70045,643606,3.918,70.045,643.606,49.07
JPN,Japan,5/26/2021,116,4485,87089,704291,4.485,87.089,704.291,49.07
JPN,Japan,5/27/2021,118,4163,116584,716395,4.163,116.584,716.395,49.07
JPN,Japan,5/28/2021,95,3701,118523,709290,3.701,118.523,709.29,49.07
JPN,Japan,5/29/2021,91,3604,57084,512316,3.604,57.084,512.316,49.07
JPN,Japan,5/30/2021,49,2853,30097,516374,2.853,30.097,516.374,49.07
JPN,Japan,5/31/2021,80,1796,83703,876306,1.796,83.703,876.306,49.07
JPN,Japan,6/1/2021,101,2641,67394,869546,2.641,67.394,869.546,49.07
JPN,Japan,6/2/2021,113,3036,76590,917609,3.036,76.59,917.609,49.07
JPN,Japan,6/3/2021,111,2848,176379,903845,2.848,176.379,903.845,49.07
JPN,Japan,6/4/2021,86,2577,98297,881614,2.577,98.297,881.614,49.07
JPN,Japan,6/5/2021,64,2663,54184,711938,2.663,54.184,711.938,49.07
JPN,Japan,6/6/2021,50,2027,26466,724889,2.027,26.466,724.889,49.07
JPN,Japan,6/7/2021,75,1205,75134,1041687,1.205,75.134,1041.687,55.09
JPN,Japan,6/8/2021,99,1883,62141,1051513,1.883,62.141,1051.513,55.09
JPN,Japan,6/9/2021,96,2245,63215,1092722,2.245,63.215,1092.722,55.09
JPN,Japan,6/10/2021,71,2044,74713,1061861,2.044,74.713,1061.861,55.09
JPN,Japan,6/11/2021,64,1936,99850,1043148,1.936,99.85,1043.148,55.09
JPN,Japan,6/12/2021,55,1947,51297,889236,1.947,51.297,889.236,55.09
JPN,Japan,6/13/2021,32,1384,25059,887429,1.384,25.059,887.429,55.09
JPN,Japan,6/14/2021,60,941,60314,1161756,0.941,60.314,1161.756,55.09
JPN,Japan,6/15/2021,67,1414,61213,1162522,1.414,61.213,1162.522,55.09
JPN,Japan,6/16/2021,80,1717,65986,1202895,1.717,65.986,1202.895,55.09
JPN,Japan,6/17/2021,47,1545,70606,1210624,1.545,70.606,1210.624,55.09
JPN,Japan,6/18/2021,48,1636,69009,1152721,1.636,69.009,1152.721,55.09
JPN,Japan,6/19/2021,28,1507,43013,1035752,1.507,43.013,1035.752,55.09
JPN,Japan,6/20/2021,20,1318,31414,1047545,1.318,31.414,1047.545,55.09
JPN,Japan,6/21/2021,35,864,58844,1257001,0.864,58.844,1257.001,53.24
JPN,Japan,6/22/2021,43,1443,52614,1258745,1.443,52.614,1258.745,53.24
JPN,Japan,6/23/2021,58,1778,62348,1299619,1.778,62.348,1299.619,53.24
JPN,Japan,6/24/2021,42,1665,60420,1286792,1.665,60.42,1286.792,53.24
JPN,Japan,6/25/2021,31,1727,89659,1314877,1.727,89.659,1314.877,53.24
JPN,Japan,6/26/2021,29,1626,43145,1184117,1.626,43.145,1184.117,53.24
JPN,Japan,6/27/2021,10,1272,21138,1184712,1.272,21.138,1184.712,53.24
JPN,Japan,6/28/2021,38,1007,62615,1272917,1.007,62.615,1272.917,53.24
JPN,Japan,6/29/2021,30,1401,61916,1288180,1.401,61.916,1288.18,53.24
JPN,Japan,6/30/2021,41,1820,67576,1280465,1.82,67.576,1280.465,53.24
JPN,Japan,7/1/2021,24,1733,77063,1054779,1.733,77.063,1054.779,53.24
JPN,Japan,7/2/2021,25,1774,67044,977859,1.774,67.044,977.859,53.24