Date,EUR,AUD,BGN,BRL,CAD,CHF,CNY,CZK,DKK,GBP,HKD,HRK,ILS,INR
2022-05-18,1.052299274,0.7024938532,0.5380393845,0.2024660363,0.78015291,1.003512293,0.1482689599,0.04269490223,0.1414027149,1.242853592,0.1274112581,0.139655052,0.2984361943,0.01288864085
2022-05-17,1.054073996,0.7030371204,0.5389673386,0.2003205128,0.7798487094,1.008064516,0.1486767767,0.0426553829,0.1416530916,1.248907206,0.1273934036,0.140089377,0.2978761431,0.01290973898
2022-05-16,1.042209484,0.6921852288,0.5328786103,0.1973164957,0.7735746886,0.9945300845,0.1472320377,0.04217718636,0.1400462153,1.225490196,0.1273901578,0.138544452,0.2937892943,0.01285381739
2022-05-15,1.038529442,0.6892748828,0.5309828493,0.1951905059,0.7689941556,1,0.147277574,0.04197659385,0.1395614978,1.220107369,0.127388535,0.1380986577,0.291825955,0.01291160586
2022-05-14,1.038529442,0.6892748828,0.5309828493,0.1951905059,0.7689941556,1,0.147277574,0.04197659385,0.1395614978,1.220107369,0.127388535,0.1380986577,0.291825955,0.01291160586
2022-05-13,1.038529442,0.6892748828,0.5309828493,0.1951905059,0.7689941556,1,0.147277574,0.04197659385,0.1395614978,1.220107369,0.127388535,0.1380986577,0.291825955,0.01291160586
2022-05-12,1.040799334,0.686388908,0.5321696557,0.1921672624,0.7670476337,1.003009027,0.1472320377,0.04175731484,0.1398679646,1.220256254,0.1273901578,0.1383393742,0.2892597842,0.01290242669
2022-05-11,1.055297594,0.7009673349,0.53957805,0.1959362815,0.7711289328,1.010203051,0.1488582572,0.04160460646,0.1418540322,1.235788433,0.1273917807,0.1400246443,0.2919367081,0.01294949309
2022-05-10,1.055408971,0.6960879855,0.5396362851,0.1946093218,0.77000077,1.00715077,0.1487165759,0.04219231256,0.1418822094,1.233045623,0.1273917807,0.14000112,0.2884670859,0.01294293976
2022-05-09,1.055854714,0.7017051435,0.5398693516,0.1943823501,0.7732158045,1.009285426,0.1489580385,0.04214323643,0.1419506863,1.238850347,0.1273901578,0.1401600628,0.2913752914,0.01291754344
2022-05-08,1.056970722,0.7099751509,0.5404528995,0.1987478883,0.7794839816,1.014507457,0.149916047,0.0428542655,0.142069671,1.234415504,0.1273966495,0.1403055856,0.2938929054,0.01300155109
2022-05-07,1.056970722,0.7099751509,0.5404528995,0.1987478883,0.7794839816,1.014507457,0.149916047,0.0428542655,0.142069671,1.234415504,0.1273966495,0.1403055856,0.2938929054,0.01300155109
2022-05-06,1.056970722,0.7099751509,0.5404528995,0.1987478883,0.7794839816,1.014507457,0.149916047,0.0428542655,0.142069671,1.234415504,0.1273966495,0.1403055856,0.2938929054,0.01300155109
2022-05-05,1.056747332,0.7204091924,0.540336089,0.2024824346,0.7838219157,1.020616452,0.1510916371,0.04294886937,0.1420333494,1.240540876,0.1274047649,0.1401620273,0.2942388042,0.01310865105
2022-05-04,1.053074979,0.7125044532,0.5384449709,0.2009727079,0.7802137786,1.020095889,0.1513202694,0.04273248609,0.141528794,1.250781739,0.1274096347,0.1394855772,0.2967535165,0.01309769703
2022-05-03,1.055631796,0.7120478496,0.5397236615,0.1986334022,0.777907429,1.027643613,0.1513202694,0.04280272225,0.1418761705,1.254705144,0.1274291176,0.1397135871,0.2965423166,0.01305757476
2022-05-02,1.052410019,0.705716302,0.538097288,0.2005334189,0.7760962359,1.026483268,0.1513202694,0.04265738442,0.1414687283,1.255650427,0.1274388612,0.1391885309,0.2983204558,0.01307377531
2022-05-01,1.053962901,0.7170514843,0.5389092477,0.2042316804,0.7850525985,1.030396703,0.1517842235,0.04283682596,0.1416390471,1.256123603,0.1274437336,0.1392951665,0.3012048193,0.01307076775
2022-04-30,1.053962901,0.7170514843,0.5389092477,0.2042316804,0.7850525985,1.030396703,0.1517842235,0.04283682596,0.1416390471,1.256123603,0.1274437336,0.1392951665,0.3012048193,0.01307076775
2022-04-29,1.053962901,0.7170514843,0.5389092477,0.2042316804,0.7850525985,1.030396703,0.1517842235,0.04283682596,0.1416390471,1.256123603,0.1274437336,0.1392951665,0.3012048193,0.01307076775
2022-04-28,1.048547761,0.707764173,0.5361067925,0.1998481154,0.77675936,1.026377912,0.1511213202,0.04275057179,0.1408867411,1.24300808,0.1274502307,0.1385022368,0.2987482449,0.01304639952
2022-04-27,1.058313049,0.7137249304,0.541096261,0.1995092073,0.7797878977,1.034554107,0.1525436656,0.04310790771,0.1422252564,1.256597135,0.1274372372,0.1398934012,0.3008423586,0.0130540634
2022-04-26,1.067349771,0.7198387561,0.5457621569,0.2033512282,0.7841292245,1.043514557,0.1528420988,0.04370476557,0.1434802571,1.268713524,0.1274729757,0.1411432604,0.3036929057,0.01306062743
2022-04-25,1.074575543,0.7177205196,0.5494505495,0.2068423448,0.7838833582,1.046682018,0.1526461205,0.04400846723,0.1444523091,1.27420999,0.1274356132,0.1421060111,0.3043676762,0.01305377372
2022-04-24,1.081665765,0.7300868803,0.5530667552,0.212404418,0.7887679445,1.046572475,0.1537988311,0.04447785225,0.1453868745,1.28882588,0.1274697259,0.1430349148,0.3065322012,0.01308070139
2022-04-23,1.081665765,0.7300868803,0.5530667552,0.212404418,0.7887679445,1.046572475,0.1537988311,0.04447785225,0.1453868745,1.28882588,0.1274697259,0.1430349148,0.3065322012,0.01308070139
2022-04-22,1.081665765,0.7300868803,0.5530667552,0.212404418,0.7887679445,1.046572475,0.1537988311,0.04447785225,0.1453868745,1.28882588,0.1274697259,0.1430349148,0.3065322012,0.01308070139
2022-04-21,1.088731628,0.7429972509,0.556637907,0.2163378332,0.8005123279,1.053407774,0.1550243388,0.04465541648,0.1463250465,1.303441084,0.1274729757,0.1439408115,0.3097029948,0.0131223952
2022-04-20,1.082954299,0.742721331,0.5537405172,0.2145370291,0.7975753709,1.056189269,0.1559429872,0.04436891869,0.1455540515,1.305312622,0.1275022313,0.1432356943,0.3102410573,0.01310585071
2022-04-19,1.080263584,0.7367567966,0.5523641184,0.2149382053,0.7925186242,1.058313049,0.1565459697,0.044231152,0.145220081,1.302252898,0.1275477666,0.1428591837,0.3083184313,0.01307808401
2022-04-18,1.087784184,0.7444353458,0.5562044608,0.2123548024,0.7961783439,1.067577666,0.156924284,0.04454541405,0.1462308986,1.311991603,0.1275298739,0.1439138819,0.3117304155,0.01313546075
2022-04-17,1.087784184,0.7444353458,0.5562044608,0.2123548024,0.7961783439,1.067577666,0.156924284,0.04454541405,0.1462308986,1.311991603,0.1275298739,0.1439138819,0.3117304155,0.01313546075
2022-04-16,1.087784184,0.7444353458,0.5562044608,0.2123548024,0.7961783439,1.067577666,0.156924284,0.04454541405,0.1462308986,1.311991603,0.1275298739,0.1439138819,0.3117304155,0.01313546075
2022-04-15,1.087784184,0.7444353458,0.5562044608,0.2123548024,0.7961783439,1.067577666,0.156924284,0.04454541405,0.1462308986,1.311991603,0.1275298739,0.1439138819,0.3117304155,0.01313546075
2022-04-14,1.087784184,0.7444353458,0.5562044608,0.2123548024,0.7961783439,1.067577666,0.156924284,0.04454541405,0.1462308986,1.311991603,0.1275298739,0.1439138819,0.3117304155,0.01313546075
2022-04-13,1.082602577,0.7413447995,0.5535259604,0.2145922747,0.7902015014,1.070205479,0.1570376419,0.04427815537,0.1455561701,1.299883011,0.1275640371,0.1433178072,0.3112549801,0.0131259262
2022-04-12,1.086130118,0.7439369141,0.5553087517,0.2131968873,0.7913896803,1.072041166,0.1569538399,0.04442134534,0.1460216404,1.301405518,0.1276079883,0.1438290161,0.3105590062,0.01312849382
2022-04-11,1.090037061,0.7438262422,0.5573204035,0.211443312,0.793398921,1.070778456,0.1570499733,0.04461915322,0.1465545036,1.302422506,0.127575429,0.1443355513,0.3113421962,0.01317880742
2022-04-10,1.086130118,0.7463800567,0.5553087517,0.2105529119,0.7942180923,1.069518717,0.1571437551,0.04436872183,0.1460365676,1.302931596,0.127575429,0.1438724714,0.3102218086,0.01318257738
2022-04-09,1.086130118,0.7463800567,0.5553087517,0.2105529119,0.7942180923,1.069518717,0.1571437551,0.04436872183,0.1460365676,1.302931596,0.127575429,0.1438724714,0.3102218086,0.01318257738
2022-04-08,1.086130118,0.7463800567,0.5553087517,0.2105529119,0.7942180923,1.069518717,0.1571437551,0.04436872183,0.1460365676,1.302931596,0.127575429,0.1438724714,0.3102218086,0.01318257738
2022-04-07,1.091583888,0.7487832273,0.5581291511,0.2121250689,0.7965588657,1.071811361,0.1571832757,0.04453331314,0.146763139,1.308044474,0.1275917065,0.14446483,0.3095975232,0.01315957431
2022-04-06,1.09229929,0.7568876779,0.5585032114,0.2141923876,0.8003841844,1.07227107,0.1571709234,0.04469133927,0.1468579737,1.308557969,0.1275803118,0.144732462,0.310318076,0.01318655815
2022-04-05,1.096852035,0.7631257631,0.5608524958,0.2177084014,0.8037939072,1.081665765,0.1571882172,0.04506940689,0.1474773991,1.313887794,0.1276698967,0.1454799383,0.3120416888,0.01327404261
2022-04-04,1.100473203,0.7511454969,0.5626828719,0.2151000215,0.800448251,1.078632294,0.1571561032,0.04525091633,0.1479465025,1.311819494,0.1276291607,0.1458491337,0.3116526942,0.01324021052
2022-04-03,1.105216622,0.7520493344,0.5650994575,0.2117746717,0.800576415,1.081782778,0.1571882172,0.04533975344,0.1485729568,1.313370108,0.1276275318,0.1460450987,0.3129596595,0.01315953968
2022-04-02,1.105216622,0.7520493344,0.5650994575,0.2117746717,0.800576415,1.081782778,0.1571882172,0.04533975344,0.1485729568,1.313370108,0.1276275318,0.1460450987,0.3129596595,0.01315953968
2022-04-01,1.105216622,0.7520493344,0.5650994575,0.2117746717,0.800576415,1.081782778,0.1571882172,0.04533975344,0.1485729568,1.313370108,0.1276275318,0.1460450987,0.3129596595,0.01315953968
2022-03-31,1.110124334,0.7486150621,0.5676013168,0.2094153124,0.7988496565,1.081197967,0.1576789656,0.04554252533,0.1492492761,1.312335958,0.1277188143,0.1465673917,0.3149804712,0.01319442245
2022-03-30,1.112594571,0.7513148009,0.5688605723,0.2106859936,0.8009611534,1.079214332,0.1574456025,0.04550501465,0.149561784,1.315789474,0.1277661369,0.1469356569,0.3143072668,0.01318558446
2022-03-29,1.108524554,0.7492320372,0.5667649059,0.2114075515,0.7992327366,1.06974754,0.1571215335,0.04531140261,0.149015751,1.312680494,0.1277563431,0.146211656,0.3122073057,0.01320137241
2022-03-28,1.096611471,0.7515971439,0.5606952621,0.2103447551,0.8003201281,1.069175666,0.1569661581,0.04448675629,0.1474056604,1.311131506,0.1277188143,0.1447953318,0.310539718,0.01313568506
2022-03-27,1.100231049,0.7523322299,0.5625246105,0.2090301003,0.7983394539,1.077934677,0.1571561032,0.04464186067,0.1478677471,1.319435282,0.1277563431,0.1452327355,0.3112259189,0.01312520262
2022-03-26,1.100231049,0.7523322299,0.5625246105,0.2090301003,0.7983394539,1.077934677,0.1571561032,0.04464186067,0.1478677471,1.319435282,0.1277563431,0.1452327355,0.3112259189,0.01312520262
2022-03-25,1.100231049,0.7523322299,0.5625246105,0.2090301003,0.7983394539,1.077934677,0.1571561032,0.04464186067,0.1478677471,1.319435282,0.1277563431,0.1452327355,0.3112259189,0.01312520262
2022-03-24,1.097815347,0.7484469725,0.5612932196,0.2069108214,0.7951653944,1.073652566,0.1569784783,0.04440931174,0.1475600938,1.318044023,0.1278036935,0.1449338377,0.3095783543,0.01308790887
2022-03-23,1.098538943,0.7458790184,0.5616715345,0.2037905034,0.7937137868,1.06974754,0.1569218215,0.04464544817,0.1476864911,1.319087192,0.1278102274,0.145093658,0.3102506826,0.01308244689
2022-03-22,1.102414287,0.7447680048,0.5636660842,0.2037531327,0.7949757532,1.072846261,0.1571783345,0.04466957912,0.1481679039,1.324503311,0.1277628721,0.1455307506,0.3103469679,0.01313718638
2022-03-21,1.103752759,0.7409602845,0.5643659349,0.2006179031,0.7942180923,1.073998496,0.1573440327,0.04471911921,0.1483393411,1.317523057,0.1277742995,0.1457492239,0.3097317723,0.0131118308
2022-03-20,1.100836636,0.7365939894,0.5628412225,0.1973320704,0.7913270555,1.067235859,0.1571882172,0.04432093677,0.1479114898,1.311647429,0.1278494445,0.1454439677,0.3078249092,0.01313877436
2022-03-19,1.100836636,0.7365939894,0.5628412225,0.1973320704,0.7913270555,1.067235859,0.1571882172,0.04432093677,0.1479114898,1.311647429,0.1278494445,0.1454439677,0.3078249092,0.01313877436
2022-03-18,1.100836636,0.7365939894,0.5628412225,0.1973320704,0.7913270555,1.067235859,0.1571882172,0.04432093677,0.1479114898,1.311647429,0.1278494445,0.1454439677,0.3078249092,0.01313877436
2022-03-17,1.105094486,0.734052705,0.5650355972,0.1961515074,0.7894529091,1.064169416,0.1574753551,0.04460183938,0.148456057,1.31061599,0.1279181324,0.145925753,0.3088898499,0.01318050972
2022-03-16,1.099384345,0.7249528781,0.5621135469,0.1945033357,0.7871536524,1.063716626,0.1574679159,0.04453351147,0.1477454051,1.309071868,0.1278429066,0.1451842388,0.3064758344,0.01312237798
2022-03-15,1.099142669,0.7215007215,0.5619556055,0.1949279741,0.7795447459,1.064849324,0.1567520966,0.04419909038,0.1477083056,1.307702367,0.1277645045,0.1450957632,0.3045623439,0.0130914556
2022-03-14,1.096010522,0.7240605315,0.5603810591,0.198243562,0.7840677435,1.069404342,0.157158573,0.04403365933,0.1473014377,1.306165099,0.1277171831,0.1446968601,0.3056328127,0.01305834206
2022-03-13,1.099021871,0.7318501171,0.5619240279,0.199537074,0.783637646,1.07434465,0.1578282828,0.04358855888,0.1477104874,1.308729224,0.1277808303,0.145152628,0.307986079,0.0130852886
2022-03-12,1.099021871,0.7318501171,0.5619240279,0.199537074,0.783637646,1.07434465,0.1578282828,0.04358855888,0.1477104874,1.308729224,0.1277808303,0.145152628,0.307986079,0.0130852886
2022-03-11,1.099021871,0.7318501171,0.5619240279,0.199537074,0.783637646,1.07434465,0.1578282828,0.04358855888,0.1477104874,1.308729224,0.1277808303,0.145152628,0.307986079,0.0130852886
2022-03-10,1.108401685,0.7336218913,0.5667327855,0.1980786372,0.7811889696,1.079214332,0.1582003132,0.04378264544,0.1489757914,1.316829076,0.1278608874,0.1464879514,0.3060256449,0.01310056254
2022-03-09,1.099263493,0.7332991127,0.5620819515,0.1991436822,0.7791803023,1.077934677,0.1582779361,0.04334088909,0.1476755863,1.315443304,0.1278641571,0.1453615141,0.3055487656,0.01305542681
2022-03-08,1.089205969,0.7275372863,0.556916908,0.1968000315,0.7792410192,1.077237962,0.1583029919,0.04247727466,0.1463164826,1.309414692,0.1278657921,0.1438559139,0.3023705854,0.01297841689
2022-03-07,1.089443294,0.7386069872,0.5570720294,0.1978552491,0.7858546169,1.082016879,0.1582528881,0.04258526635,0.1464257475,1.318565401,0.1279443186,0.1441129846,0.3055861142,0.01299925254
2022-03-06,1.092896175,0.734861846,0.5587840858,0.1975855051,0.7841907152,1.086838387,0.1582428712,0.04246410721,0.1469075951,1.326611833,0.1279574158,0.1445943406,0.3069650367,0.01309876073
2022-03-05,1.092896175,0.734861846,0.5587840858,0.1975855051,0.7841907152,1.086838387,0.1582428712,0.04246410721,0.1469075951,1.326611833,0.1279574158,0.1445943406,0.3069650367,0.01309876073
2022-03-04,1.092896175,0.734861846,0.5587840858,0.1975855051,0.7841907152,1.086838387,0.1582428712,0.04246410721,0.1469075951,1.326611833,0.1279574158,0.1445943406,0.3069650367,0.01309876073
2022-03-03,1.107542363,0.731635938,0.566315551,0.1976401763,0.7915776142,1.086720278,0.1582378632,0.04320830291,0.1488737699,1.338150676,0.1279770665,0.1463143417,0.3087658628,0.01315846609
2022-03-02,1.110617503,0.7272198386,0.5678591709,0.1937796725,0.7883326764,1.087074682,0.1583105102,0.04293669843,0.149300527,1.332977873,0.1279721533,0.1466340162,0.3088993915,0.01319370871
2022-03-01,1.116196004,0.7264802034,0.570711106,0.1937909383,0.7883948281,1.089324619,0.1584108226,0.04383273429,0.150073536,1.340123291,0.1279541412,0.1475078548,0.3087563295,0.01320923696
2022-02-28,1.119946243,0.7221259388,0.5726065048,0.1936595852,0.7851142341,1.083541012,0.1584685598,0.04480146232,0.1505162708,1.340482574,0.127968878,0.1480275331,0.3085086691,0.01324478751
2022-02-27,1.121579183,0.7217090069,0.5734602592,0.1954690279,0.782962731,1.078632294,0.1583556351,0.04548266201,0.1507159005,1.339405304,0.1280688498,0.1484869183,0.3082234003,0.01329744795
2022-02-26,1.121579183,0.7217090069,0.5734602592,0.1954690279,0.782962731,1.078632294,0.1583556351,0.04548266201,0.1507159005,1.339405304,0.1280688498,0.1484869183,0.3082234003,0.01329744795
2022-02-25,1.121579183,0.7217090069,0.5734602592,0.1954690279,0.782962731,1.078632294,0.1583556351,0.04548266201,0.1507159005,1.339405304,0.1280688498,0.1484869183,0.3082234003,0.01329744795
2022-02-24,1.116320607,0.7159221077,0.5707762557,0.1962747061,0.7797270955,1.081665765,0.158112766,0.04449190247,0.1500307563,1.3374348,0.1280491709,0.14781529,0.3048501661,0.01324261261
2022-02-23,1.134429949,0.7275372863,0.5800127603,0.199688486,0.7880841674,1.08754758,0.1582829466,0.04635316476,0.1524971407,1.359249694,0.1281394157,0.1505275992,0.3106651341,0.01340683856
2022-02-22,1.134172621,0.720616848,0.5799118534,0.1966452323,0.7854225573,1.088257699,0.1580303102,0.0463014409,0.1524622656,1.355380862,0.1281656926,0.1504845603,0.3100294528,0.0133816321
2022-02-21,1.133786848,0.7198387561,0.5797101449,0.1953315753,0.7844367744,1.091583888,0.1578432301,0.04657228018,0.1523995306,1.361099769,0.128195267,0.1504505995,0.3111968631,0.01338971295
2022-02-20,1.135460429,0.7207207207,0.5805178219,0.194303035,0.7871536524,1.086248099,0.1580452958,0.04665332382,0.1526437905,1.360914535,0.1281985539,0.1506727538,0.3129890454,0.01341248488
2022-02-19,1.135460429,0.7207207207,0.5805178219,0.194303035,0.7871536524,1.086248099,0.1580452958,0.04665332382,0.1526437905,1.360914535,0.1281985539,0.1506727538,0.3129890454,0.01341248488
2022-02-18,1.135460429,0.7207207207,0.5805178219,0.194303035,0.7871536524,1.086248099,0.1580452958,0.04665332382,0.1526437905,1.360914535,0.1281985539,0.1506727538,0.3129890454,0.01341248488
2022-02-17,1.137009665,0.7202535292,0.5813615487,0.1943747935,0.7874635798,1.086366105,0.1577859476,0.0466309163,0.1528257481,1.361841209,0.1281969105,0.1509365614,0.3138239448,0.01333043619
2022-02-16,1.137138958,0.7170514843,0.5814629608,0.1935171746,0.7888301649,1.081431816,0.1577237311,0.04667357436,0.1528280837,1.354829969,0.128190337,0.1510323058,0.3136566087,0.01331795553
2022-02-15,1.134558657,0.7140816909,0.580080051,0.1923631817,0.7860399308,1.082251082,0.1576367104,0.04645976584,0.1524413482,1.354462955,0.1281525528,0.1506841058,0.3100102303,0.01327784963
2022-02-14,1.131605749,0.7115918309,0.5786032518,0.1919091118,0.7841292245,1.080613789,0.1573044313,0.04613695293,0.1520750643,1.35171668,0.1281788351,0.1502923186,0.307210224,0.01323950934
2022-02-13,1.141682841,0.7168458781,0.5837370848,0.192648532,0.7874635798,1.081431816,0.1573366059,0.04678143713,0.1534542553,1.359804188,0.1282034846,0.1515955431,0.3089184764,0.01329822602
2022-02-12,1.141682841,0.7168458781,0.5837370848,0.192648532,0.7874635798,1.081431816,0.1573366059,0.04678143713,0.1534542553,1.359804188,0.1282034846,0.1515955431,0.3089184764,0.01329822602
2022-02-11,1.141682841,0.7168458781,0.5837370848,0.192648532,0.7874635798,1.081431816,0.1573366059,0.04678143713,0.1534542553,1.359804188,0.1282034846,0.1515955431,0.3089184764,0.01329822602
2022-02-10,1.143902997,0.7196833393,0.5848637268,0.1917104406,0.789016885,1.082133968,0.1572970082,0.04697746961,0.1537420823,1.357773252,0.1283235807,0.1519618272,0.3108776075,0.01331086459
2022-02-09,1.143510577,0.7176690111,0.5846585594,0.1899551706,0.787835815,1.083423619,0.1571635129,0.04708075762,0.15361927,1.357220413,0.1283301679,0.1518902745,0.310587943,0.01336232066
2022-02-08,1.140771161,0.7118957785,0.583294447,0.1894728864,0.7864726701,1.081782778,0.1570573731,0.04702585011,0.153256705,1.352265044,0.1282906553,0.151671419,0.310395133,0.01338111283
2022-02-07,1.144688645,0.711136396,0.5852744937,0.189078808,0.786967813,1.082837033,0.1572228162,0.04725875587,0.153768087,1.35171668,0.1283268742,0.152220903,0.3132145206,0.01338290361
2022-02-06,1.146394589,0.7091695624,0.5861664713,0.1884587841,0.7861017216,1.08483402,0.1572079862,0.04706081669,0.1540191292,1.355197181,0.1283960762,0.152295087,0.312022216,0.01338557276
2022-02-05,1.146394589,0.7091695624,0.5861664713,0.1884587841,0.7861017216,1.08483402,0.1572079862,0.04706081669,0.1540191292,1.355197181,0.1283960762,0.152295087,0.312022216,0.01338557276
2022-02-04,1.146394589,0.7091695624,0.5861664713,0.1884587841,0.7861017216,1.08483402,0.1572079862,0.04706081669,0.1540191292,1.355197181,0.1283960762,0.152295087,0.312022216,0.01338557276
2022-02-03,1.128540797,0.7120985544,0.5770673438,0.1885938443,0.7873395796,1.084481076,0.157198101,0.04676196756,0.1517174414,1.356300014,0.1282988851,0.1498913288,0.3139421719,0.01335336338
2022-02-02,1.132246377,0.7153587524,0.5789382273,0.1897389192,0.7901390645,1.088850174,0.1572079862,0.04660049397,0.1522255374,1.357773252,0.1283137013,0.1504528631,0.3164857423,0.0133820977
2022-02-01,1.125999324,0.7096224808,0.5757383845,0.1890144785,0.7874635798,1.085422772,0.1572079862,0.04627080451,0.151329429,1.348617667,0.1282774899,0.149584156,0.3157562362,0.01337340004
2022-01-31,1.115573405,0.7051688879,0.5704181165,0.1858390634,0.7838219157,1.07227107,0.1572079862,0.0457739226,0.1499070576,1.341561578,0.1282380097,0.1481679039,0.3130184368,0.01338202607
2022-01-30,1.113833816,0.6973987028,0.569476082,0.1851783267,0.7822277847,1.073191672,0.157190688,0.04556722076,0.1496401155,1.339046599,0.1283038235,0.1479355593,0.3120124805,0.01332272844
2022-01-29,1.113833816,0.6973987028,0.569476082,0.1851783267,0.7822277847,1.073191672,0.157190688,0.04556722076,0.1496401155,1.339046599,0.1283038235,0.1479355593,0.3120124805,0.01332272844
2022-01-28,1.113833816,0.6973987028,0.569476082,0.1851783267,0.7822277847,1.073191672,0.157190688,0.04556722076,0.1496401155,1.339046599,0.1283038235,0.1479355593,0.3120124805,0.01332272844
2022-01-27,1.115946881,0.7076139258,0.5706134094,0.1855081067,0.7880841674,1.073998496,0.1570475069,0.0456871345,0.1499430217,1.338688086,0.1283482859,0.1481525379,0.3126465531,0.01331912627
2022-01-26,1.127649977,0.7170514843,0.5766015107,0.1846142485,0.7956715468,1.08577633,0.1581777918,0.04597045938,0.151531223,1.351168761,0.1284521516,0.1497813193,0.3147029204,0.01335682353
2022-01-25,1.126760563,0.712555223,0.5761364291,0.1815969637,0.7908889592,1.087192868,0.1579803788,0.04599181346,0.1513752441,1.346076188,0.1284472018,0.1496513124,0.3138928997,0.01337019943
2022-01-24,1.130454443,0.7124536905,0.577967865,0.1826150475,0.7922047057,1.096611471,0.1580253157,0.04608613499,0.1518718202,1.348799568,0.1284505016,0.1501388785,0.3153479865,0.01340137659
2022-01-23,1.13481616,0.7194244604,0.5802146794,0.1828454407,0.7985307035,1.096130659,0.1577287066,0.04660939925,0.1524622656,1.356852103,0.1284142129,0.1507431638,0.3181572333,0.01344246825
2022-01-22,1.13481616,0.7194244604,0.5802146794,0.1828454407,0.7985307035,1.096130659,0.1577287066,0.04660939925,0.1524622656,1.356852103,0.1284142129,0.1507431638,0.3181572333,0.01344246825
2022-01-21,1.13481616,0.7194244604,0.5802146794,0.1828454407,0.7985307035,1.096130659,0.1577287066,0.04660939925,0.1524622656,1.356852103,0.1284142129,0.1507431638,0.3181572333,0.01344246825
2022-01-20,1.133786848,0.7239032865,0.5797101449,0.1839960257,0.8008328662,1.092060719,0.157611865,0.04672962705,0.1523438095,1.361655773,0.1284406026,0.1506704837,0.3188063889,0.01343970411
2022-01-19,1.134558657,0.7221780891,0.580080051,0.1810642959,0.8021175904,1.092657343,0.1575621977,0.04666224931,0.15244832,1.364070386,0.1283482859,0.1507886245,0.3193153878,0.01343979442
2022-01-18,1.136751165,0.7179266279,0.5811926072,0.1810118563,0.7989134777,1.091464746,0.1574109054,0.04653651953,0.1527300496,1.358511072,0.1283301679,0.1511076188,0.3196828746,0.01340241833
2022-01-17,1.140250855,0.7211885187,0.5830223881,0.1815541031,0.798148296,1.093374153,0.1574951964,0.0466057064,0.153230873,1.364442625,0.1283482859,0.1514853135,0.3213987273,0.01345811699
2022-01-16,1.144688645,0.7243752264,0.5852744937,0.1806619454,0.7987858455,1.097574361,0.1573935626,0.04673574209,0.1538295876,1.370801919,0.1284455519,0.1522116351,0.3218642377,0.01347585396
2022-01-15,1.144688645,0.7243752264,0.5852744937,0.1806619454,0.7987858455,1.097574361,0.1573935626,0.04673574209,0.1538295876,1.370801919,0.1284455519,0.1522116351,0.3218642377,0.01347585396
2022-01-14,1.144688645,0.7243752264,0.5852744937,0.1806619454,0.7987858455,1.097574361,0.1573935626,0.04673574209,0.1538295876,1.370801919,0.1284455519,0.1522116351,0.3218642377,0.01347585396
2022-01-13,1.146263182,0.7297139521,0.5860977611,0.1804695819,0.8014104824,1.096611471,0.1572154008,0.04686804302,0.1540547202,1.372118551,0.1283812409,0.1524297299,0.3216468318,0.01353093917
2022-01-12,1.137009665,0.7213445863,0.5813615487,0.1791729377,0.7972574344,1.084245907,0.1570894467,0.04655450135,0.1527930571,1.36425648,0.128285718,0.1511167528,0.3211303789,0.01353112226
2022-01-11,1.133658315,0.7173086579,0.5796093433,0.177430802,0.7911392405,1.079447323,0.1568898163,0.04643624999,0.152357736,1.357957632,0.1282577468,0.1506727538,0.3194173827,0.01353582934
2022-01-10,1.131861913,0.7175145297,0.5787037037,0.1769285209,0.7899518129,1.083423619,0.1569144346,0.04646710594,0.152162997,1.357036233,0.1282741989,0.1503488092,0.3205950244,0.01350595748
2022-01-09,1.12981584,0.7148984844,0.5776673791,0.1755895419,0.7859781498,1.08401084,0.1567865038,0.04622930661,0.1518948887,1.354279523,0.1281919803,0.1502110465,0.3215640877,0.01345351809
2022-01-08,1.12981584,0.7148984844,0.5776673791,0.1755895419,0.7859781498,1.08401084,0.1567865038,0.04622930661,0.1518948887,1.354279523,0.1281919803,0.1502110465,0.3215640877,0.01345351809
2022-01-07,1.12981584,0.7148984844,0.5776673791,0.1755895419,0.7859781498,1.08401084,0.1567865038,0.04622930661,0.1518948887,1.354279523,0.1281919803,0.1502110465,0.3215640877,0.01345351809
2022-01-06,1.13147771,0.7171543316,0.5785363032,0.1756450565,0.782962731,1.088494612,0.1567447255,0.04613099357,0.1520981946,1.353546291,0.1281837642,0.1504709741,0.3210169818,0.01343066086
2022-01-05,1.131861913,0.7255840952,0.5787371954,0.1764570945,0.7861017216,1.092179991,0.1570179157,0.04604772386,0.1521699434,1.354829969,0.1282939471,0.1505389294,0.3234989648,0.01344922983
2022-01-04,1.127904354,0.7192174914,0.5767012687,0.175756191,0.7842522155,1.089205969,0.1568184669,0.04558092894,0.151643819,1.348799568,0.1282890095,0.150017252,0.3231017771,0.01339460921
2022-01-03,1.135460429,0.7236413633,0.5805852299,0.1787086513,0.7874635798,1.094810598,0.1573291798,0.04575297966,0.1526577718,1.349527665,0.1282462328,0.15101634,0.3231435404,0.01345460417
2022-01-02,1.132631102,0.7253209545,0.5791058606,0.1794913216,0.7869058861,1.096371012,0.1574208173,0.0455628608,0.152304365,1.347890551,0.1282199228,0.1507000015,0.3221338144,0.01344664372
2022-01-01,1.132631102,0.7253209545,0.5791058606,0.1794913216,0.7869058861,1.096371012,0.1574208173,0.0455628608,0.152304365,1.347890551,0.1282199228,0.1507000015,0.3221338144,0.01344664372
2021-12-31,1.132631102,0.7253209545,0.5791058606,0.1794913216,0.7869058861,1.096371012,0.1574208173,0.0455628608,0.152304365,1.347890551,0.1282199228,0.1507000015,0.3221338144,0.01344664372
2021-12-30,1.133401337,0.7267970056,0.5795085767,0.1778315224,0.7826563356,1.09373291,0.1569144346,0.04548700664,0.1524111443,1.350438893,0.128213347,0.1506954595,0.3219471363,0.01345161789
2021-12-29,1.130326664,0.7228044814,0.5779344622,0.1770977225,0.7802746567,1.088968747,0.1569981945,0.04528800909,0.1519941634,1.343724805,0.1282577468,0.1503058725,0.3212954633,0.01339408892
2021-12-28,1.133144476,0.7262164125,0.5793407103,0.1771008589,0.7821666015,1.091464746,0.1570277782,0.0453603197,0.1523763085,1.344989913,0.1282084156,0.150727259,0.3216882198,0.01338831468
2021-12-27,1.131221719,0.7211885187,0.5783689994,0.1763170887,0.7785736531,1.088139282,0.1569218215,0.04499781761,0.152121332,1.341381623,0.1281870505,0.1507772568,0.3189589181,0.01333797495
2021-12-26,1.131733816,0.7233796296,0.5786367319,0.1761990344,0.7803964414,1.08802089,0.157040108,0.04524272723,0.1521931026,1.341021859,0.1282314321,0.1506772944,0.316696225,0.0133321601
2021-12-25,1.131733816,0.7233796296,0.5786367319,0.1761990344,0.7803964414,1.08802089,0.157040108,0.04524272723,0.1521931026,1.341021859,0.1282314321,0.1506772944,0.316696225,0.0133321601
2021-12-24,1.131733816,0.7233796296,0.5786367319,0.1761990344,0.7803964414,1.08802089,0.157040108,0.04524272723,0.1521931026,1.341021859,0.1282314321,0.1506772944,0.316696225,0.0133321601
2021-12-23,1.130965845,0.7231703789,0.5782686636,0.1766784452,0.7794839816,1.086130118,0.1569612306,0.04508139446,0.152093568,1.342822613,0.1282100594,0.15046871,0.3171381454,0.0132937534
2021-12-22,1.130071194,0.7171543316,0.5778342771,0.1748954999,0.7746533426,1.083306251,0.1569612306,0.04477418142,0.1519733743,1.331026221,0.128195267,0.1502629602,0.3158958807,0.01323194138
2021-12-21,1.129560601,0.71306332,0.5775005775,0.1749169145,0.7736943907,1.084245907,0.1569513765,0.04475033787,0.1518925816,1.324503311,0.128190337,0.1501704435,0.3157662067,0.01323145116
2021-12-20,1.127268628,0.7109847138,0.5764020981,0.175540225,0.7737542556,1.083071591,0.1568258449,0.0446737698,0.151593245,1.32310135,0.1281854074,0.1500060002,0.3165859373,0.01318440232
2021-12-19,1.133016089,0.7163836951,0.5793071487,0.1752571899,0.7799095305,1.088494612,0.1568504431,0.04486236227,0.152357736,1.329610424,0.1281854074,0.1506182881,0.3192032686,0.01316461562
2021-12-18,1.133016089,0.7163836951,0.5793071487,0.1752571899,0.7799095305,1.088494612,0.1568504431,0.04486236227,0.152357736,1.329610424,0.1281854074,0.1506182881,0.3192032686,0.01316461562
2021-12-17,1.133016089,0.7163836951,0.5793071487,0.1752571899,0.7799095305,1.088494612,0.1568504431,0.04486236227,0.152357736,1.329610424,0.1281854074,0.1506182881,0.3192032686,0.01316461562
2021-12-16,1.133658315,0.7213966239,0.5796093433,0.1760842387,0.7826563356,1.08401084,0.1570450405,0.04483822369,0.1524436721,1.336183859,0.1281886938,0.1508022681,0.3216054544,0.01312029473
2021-12-15,1.126252956,0.7144388083,0.5758378441,0.1749995625,0.7768800497,1.081197967,0.1570919145,0.04456486862,0.1514486059,1.325205407,0.1281804781,0.1497454328,0.3185829431,0.01309010179
2021-12-14,1.130837951,0.7127583749,0.5782352261,0.1774717376,0.780457348,1.086956522,0.157165983,0.0446396686,0.1520796898,1.325029813,0.1281804781,0.1503601125,0.3208933671,0.01316853353
2021-12-13,1.127777151,0.7140307033,0.5766347595,0.1784790019,0.7838219157,1.082602577,0.1571264711,0.04439984726,0.1516645181,1.324327904,0.1282067719,0.1499542639,0.3218642377,0.01320260989
2021-12-12,1.127268628,0.7150518413,0.5764020981,0.1791568877,0.7861017216,1.081431816,0.1569760141,0.04444306177,0.1515955431,1.320655045,0.1282215669,0.1498082454,0.3227263926,0.01321408939
2021-12-11,1.127268628,0.7150518413,0.5764020981,0.1791568877,0.7861017216,1.081431816,0.1569760141,0.04444306177,0.1515955431,1.320655045,0.1282215669,0.1498082454,0.3227263926,0.01321408939
2021-12-10,1.127268628,0.7150518413,0.5764020981,0.1791568877,0.7861017216,1.081431816,0.1569760141,0.04444306177,0.1515955431,1.320655045,0.1282215669,0.1498082454,0.3227263926,0.01321408939
2021-12-09,1.131093768,0.7140816909,0.5783355503,0.1803459034,0.7875255946,1.082837033,0.1568479829,0.04447191821,0.1521074487,1.319261214,0.128262682,0.1502020217,0.3219782343,0.01322807315
2021-12-08,1.129943503,0.7132667618,0.5777341268,0.1783580359,0.7912018356,1.083071591,0.1575299307,0.04435337219,0.1519456642,1.319957761,0.1282692628,0.1501524047,0.3212128999,0.01325637565
2021-12-07,1.12561909,0.7107825716,0.5755064457,0.1777430191,0.7894529091,1.080847384,0.1570499733,0.04420182554,0.1513660789,1.325205407,0.1282692628,0.1496714711,0.3171180313,0.01326138589
2021-12-06,1.128668172,0.7039279178,0.5771006464,0.1759200619,0.7817997029,1.083658431,0.1567938788,0.04440024154,0.1517842235,1.325908247,0.1281837642,0.149963259,0.3159358018,0.01326026046
2021-12-05,1.129050469,0.705716302,0.5773005427,0.1772892474,0.7802746567,1.087074682,0.1569612306,0.0444264764,0.1518372305,1.327668614,0.1282988851,0.1500015,0.316676167,0.01330771155
2021-12-04,1.129050469,0.705716302,0.5773005427,0.1772892474,0.7802746567,1.087074682,0.1569612306,0.0444264764,0.1518372305,1.327668614,0.1282988851,0.1500015,0.316676167,0.01330771155
2021-12-03,1.129050469,0.705716302,0.5773005427,0.1772892474,0.7802746567,1.087074682,0.1569612306,0.0444264764,0.1518372305,1.327668614,0.1282988851,0.1500015,0.316676167,0.01330771155
2021-12-02,1.13391541,0.7097735822,0.5797773655,0.1773521327,0.7805791898,1.088850174,0.156838143,0.04460661427,0.1524831887,1.331912627,0.1283054697,0.1506954595,0.3158160687,0.01333184017
2021-12-01,1.1313497,0.7138777841,0.57846937,0.1781800688,0.7838833582,1.085069444,0.1569981945,0.04446796306,0.1521467912,1.331026221,0.1283433441,0.1504822958,0.3176014737,0.01335008324
2021-11-30,1.136363636,0.7147451933,0.580990007,0.1782086467,0.7826563356,1.089443294,0.1569587669,0.04451547135,0.1527930571,1.334044824,0.1282495223,0.1508727991,0.3166360585,0.01331694461
2021-11-29,1.127649977,0.7144898542,0.5765350245,0.178463076,0.7851142341,1.080030241,0.1566072603,0.0439249586,0.1516254246,1.333155579,0.1282084156,0.1497678598,0.3165859373,0.01331861183
2021-11-28,1.129050469,0.7148473801,0.5773005427,0.178412132,0.7842522155,1.080847384,0.1564945227,0.04399897922,0.1518326197,1.334400854,0.1282412988,0.1500893031,0.3148416347,0.01335587806
2021-11-27,1.129050469,0.7148473801,0.5773005427,0.178412132,0.7842522155,1.080847384,0.1564945227,0.04399897922,0.1518326197,1.334400854,0.1282412988,0.1500893031,0.3148416347,0.01335587806
2021-11-26,1.129050469,0.7148473801,0.5773005427,0.178412132,0.7842522155,1.080847384,0.1564945227,0.04399897922,0.1518326197,1.334400854,0.1282412988,0.1500893031,0.3148416347,0.01335587806
2021-11-25,1.122334456,0.7181844298,0.5738222299,0.1791568877,0.7890791446,1.070893125,0.1565802865,0.04405499826,0.1509228935,1.331380642,0.1282429434,0.1491913827,0.316405632,0.01342344942
2021-11-24,1.120573734,0.7206687806,0.5729673982,0.1787086513,0.7876496534,1.068832835,0.1565092184,0.04394329557,0.1506841058,1.335113485,0.1282561018,0.1490357388,0.3186844705,0.01343017384
2021-11-23,1.125872551,0.7225955633,0.5756720972,0.1778726432,0.7860399308,1.07307651,0.156499421,0.04424837498,0.1514050388,1.3374348,0.1283169943,0.1496401155,0.3215537477,0.01342923598
2021-11-22,1.127777151,0.7261109498,0.5766347595,0.1788940768,0.7910766553,1.078865034,0.1566931478,0.04444879055,0.1516507181,1.343905389,0.1283416969,0.1500037501,0.3236874474,0.01344988104
2021-11-21,1.127141569,0.7233796296,0.5763024435,0.1798173056,0.7907013521,1.077354019,0.1564822784,0.04435140505,0.1515610791,1.343002955,0.1283252275,0.1499610101,0.3230704617,0.01346746933
2021-11-20,1.127141569,0.7233796296,0.5763024435,0.1798173056,0.7907013521,1.077354019,0.1564822784,0.04435140505,0.1515610791,1.343002955,0.1283252275,0.1499610101,0.3230704617,0.01346746933
2021-11-19,1.127141569,0.7233796296,0.5763024435,0.1798173056,0.7907013521,1.077354019,0.1564822784,0.04435140505,0.1515610791,1.343002955,0.1283252275,0.1499610101,0.3230704617,0.01346746933
2021-11-18,1.134558657,0.7281730139,0.580080051,0.1805412627,0.7936507937,1.079330815,0.1566587815,0.04496625283,0.1525646111,1.347890551,0.1283861856,0.1510254629,0.3246858664,0.01347098888
2021-11-17,1.131605749,0.7290755322,0.5786032518,0.1824351443,0.7965588657,1.074691026,0.1567963372,0.04486920626,0.1521676279,1.345713901,0.1283861856,0.1506477855,0.3265092892,0.01346661693
2021-11-16,1.136751165,0.7338910906,0.5812601721,0.1838336673,0.797893561,1.079796998,0.1565263669,0.04506290782,0.1528631264,1.344809037,0.128387834,0.1513729527,0.323436186,0.01344682453
2021-11-15,1.144426642,0.7365397363,0.5851375073,0.1832273668,0.7984031936,1.086484137,0.1566931478,0.04538214031,0.1538698261,1.343724805,0.1283598182,0.1523275652,0.3223622707,0.01344091441
2021-11-14,1.144819691,0.7296607078,0.585343011,0.1849386004,0.7940919558,1.083306251,0.1567201605,0.04536011394,0.1539337777,1.338867318,0.1283318147,0.1523902409,0.3215744284,0.01343771752
2021-11-13,1.144819691,0.7296607078,0.585343011,0.1849386004,0.7940919558,1.083306251,0.1567201605,0.04536011394,0.1539337777,1.338867318,0.1283318147,0.1523902409,0.3215744284,0.01343771752
2021-11-12,1.144819691,0.7296607078,0.585343011,0.1849386004,0.7940919558,1.083306251,0.1567201605,0.04536011394,0.1539337777,1.338867318,0.1283318147,0.1523902409,0.3215744284,0.01343771752
2021-11-11,1.146000458,0.7299802905,0.5859603891,0.1837053366,0.7947862025,1.085069444,0.1563599406,0.04537905121,0.1540903278,1.339764202,0.1283334617,0.1525599561,0.3205230937,0.01343351151
2021-11-10,1.155802127,0.7363228039,0.5909466966,0.1835637058,0.8042464211,1.095050372,0.1564724843,0.04584863532,0.1554001554,1.35098622,0.1283730006,0.153768087,0.3216054544,0.01345793588
2021-11-09,1.157675388,0.7401376656,0.5919261276,0.1813236627,0.8041170794,1.09301563,0.156470036,0.04594595836,0.1556541365,1.355932203,0.1283680569,0.1539693293,0.3222272346,0.01349442073
2021-11-08,1.157943492,0.7412348973,0.5920312593,0.1790510295,0.8034709947,1.093254619,0.1563721658,0.04585389116,0.1556662516,1.354646437,0.1284059683,0.154000154,0.3230600246,0.01349321898
2021-11-07,1.151941021,0.7386615453,0.5889628364,0.1794430089,0.8032128514,1.090869423,0.1561767921,0.04557469693,0.1548754801,1.346619984,0.1284604021,0.153141702,0.3210891343,0.01346598224
2021-11-06,1.151941021,0.7386615453,0.5889628364,0.1794430089,0.8032128514,1.090869423,0.1561767921,0.04557469693,0.1548754801,1.346619984,0.1284604021,0.153141702,0.3210891343,0.01346598224
2021-11-05,1.151941021,0.7386615453,0.5889628364,0.1794430089,0.8032128514,1.090869423,0.1561767921,0.04557469693,0.1548754801,1.346619984,0.1284604021,0.153141702,0.3210891343,0.01346598224
2021-11-04,1.156871819,0.7415097138,0.5915059742,0.1784439686,0.8053475074,1.096130659,0.156374611,0.04542378117,0.1555451859,1.355564593,0.1284604021,0.1537609939,0.3208933671,0.01343741056
2021-11-03,1.157809425,0.7434391495,0.5919962112,0.1763233064,0.8048289738,1.095530237,0.1562866297,0.04532208137,0.1556589823,1.365001365,0.1284818584,0.1539740708,0.3190301483,0.01342602662
2021-11-02,1.160362033,0.7464357692,0.59326056,0.1760501391,0.8063865817,1.095290252,0.1562915149,0.04537390365,0.1559575795,1.365747064,0.1284983681,0.1540760828,0.319642001,0.01339776766
2021-11-01,1.157809425,0.7518231712,0.5919962112,0.1769629617,0.8082114281,1.096250822,0.1562964005,0.04516650633,0.15562749,1.368925394,0.1284901127,0.1538532548,0.3184307731,0.01334985155
2021-10-31,1.164551066,0.7534659433,0.5954153022,0.1772515377,0.8096510404,1.097453907,0.1563330519,0.045316536,0.1565410685,1.378359752,0.128584287,0.1547101505,0.3175611305,0.01335696626
2021-10-30,1.164551066,0.7534659433,0.5954153022,0.1772515377,0.8096510404,1.097453907,0.1563330519,0.045316536,0.1565410685,1.378359752,0.128584287,0.1547101505,0.3175611305,0.01335696626
2021-10-29,1.164551066,0.7534659433,0.5954153022,0.1772515377,0.8096510404,1.097453907,0.1563330519,0.045316536,0.1565410685,1.378359752,0.128584287,0.1547101505,0.3175611305,0.01335696626
2021-10-28,1.15928588,0.7522756338,0.5927330923,0.1789100798,0.8092579105,1.087902524,0.1563061725,0.04509318507,0.155838489,1.374003847,0.1285727143,0.1542543345,0.3145247531,0.01335550347
2021-10-27,1.161710037,0.7515406583,0.5939653124,0.1800795952,0.805931657,1.088731628,0.1564357675,0.04523044914,0.1561548431,1.374381528,0.1285594909,0.1545953467,0.3134501458,0.01332208949
2021-10-26,1.16184501,0.7512583577,0.5940358798,0.1797882095,0.8089960359,1.087429317,0.1567373552,0.04520632165,0.156171914,1.38026225,0.1286107467,0.1544425397,0.3125,0.01334144493
2021-10-25,1.160362033,0.7483349547,0.59326056,0.177402473,0.8087343308,1.087902524,0.1564969718,0.04508830545,0.1559575795,1.375137514,0.1286488016,0.1541449579,0.3118470702,0.0133037458
2021-10-24,1.163061177,0.74985003,0.5946363799,0.1754047465,0.8109642365,1.090155892,0.1564504521,0.04533235415,0.1563061725,1.378359752,0.1286339079,0.154521293,0.311759571,0.01335644889
2021-10-23,1.163061177,0.74985003,0.5946363799,0.1754047465,0.8109642365,1.090155892,0.1564504521,0.04533235415,0.1563061725,1.378359752,0.1286339079,0.154521293,0.311759571,0.01335644889
2021-10-22,1.163061177,0.74985003,0.5946363799,0.1754047465,0.8109642365,1.090155892,0.1564504521,0.04533235415,0.1563061725,1.378359752,0.1286339079,0.154521293,0.311759571,0.01335644889
2021-10-21,1.163737926,0.7494004796,0.5949901827,0.1766066793,0.8104384472,1.088613107,0.1562793024,0.04543038475,0.1563990679,1.38064338,0.1286041308,0.1548874742,0.3113228106,0.01335368435
2021-10-20,1.162250116,0.748502994,0.5942829976,0.1792853685,0.8100445525,1.082368222,0.1564284262,0.04554646651,0.1562158278,1.375515818,0.1286090927,0.1547843854,0.3111290875,0.01335844721
2021-10-19,1.165501166,0.7470491558,0.5959120434,0.1798431767,0.8099789405,1.087665869,0.1565190171,0.04569694699,0.156641604,1.382934587,0.1285925545,0.155228885,0.3114197627,0.01331999558
2021-10-18,1.160362033,0.7387706856,0.5932957579,0.1823054345,0.8067118425,1.083306251,0.1555137396,0.04558986446,0.1559673093,1.374192662,0.1285512277,0.1545451736,0.3102506826,0.0132756286
2021-10-17,1.160227405,0.7418397626,0.5932253663,0.1823220537,0.8089305938,1.081314879,0.1553904963,0.0456716936,0.1559356921,1.375137514,0.1285429655,0.1544759404,0.310135219,0.0133406974
2021-10-16,1.160227405,0.7418397626,0.5932253663,0.1823220537,0.8089305938,1.081314879,0.1553904963,0.0456716936,0.1559356921,1.375137514,0.1285429655,0.1544759404,0.310135219,0.0133406974
2021-10-15,1.160227405,0.7418397626,0.5932253663,0.1823220537,0.8089305938,1.081314879,0.1553904963,0.0456716936,0.1559356921,1.375137514,0.1285429655,0.1544759404,0.310135219,0.0133406974
2021-10-14,1.160227405,0.7416196974,0.5932253663,0.1826283878,0.8078849572,1.08577633,0.1553494586,0.04570049722,0.1559283977,1.371177842,0.1285627965,0.1544329992,0.3104433131,0.01328441127
2021-10-13,1.156203029,0.735402265,0.5911563017,0.1811823963,0.803729304,1.078399655,0.1552312946,0.04557532005,0.1553880817,1.361841209,0.1285347044,0.1537917352,0.3090807937,0.01327295026
2021-10-12,1.155535013,0.7378440198,0.5908070424,0.1806130005,0.8026970621,1.077005924,0.1550555874,0.04553505972,0.1552915599,1.363326517,0.1285099274,0.1537491736,0.3099910103,0.01324021052
2021-10-11,1.157407407,0.7348078477,0.5917860102,0.1816398445,0.8020532563,1.079447323,0.1550555874,0.04556867427,0.1555403472,1.363512408,0.1285297482,0.1540025256,0.3098085383,0.01325256338
2021-10-10,1.156871819,0.730513551,0.5915059742,0.1817950443,0.797893561,1.077818495,0.1550988755,0.04548638592,0.1554702197,1.362769147,0.1284505016,0.1538674586,0.3095496053,0.01333610724
2021-10-09,1.156871819,0.730513551,0.5915059742,0.1817950443,0.797893561,1.077818495,0.1550988755,0.04548638592,0.1554702197,1.362769147,0.1284505016,0.1538674586,0.3095496053,0.01333610724
2021-10-08,1.156871819,0.730513551,0.5915059742,0.1817950443,0.797893561,1.077818495,0.1550988755,0.04548638592,0.1554702197,1.362769147,0.1284505016,0.1538674586,0.3095496053,0.01333610724
2021-10-07,1.156203029,0.7299802905,0.5911563017,0.1824218322,0.7949125596,1.079330815,0.1551205287,0.04549280076,0.1554049854,1.359804188,0.1284554516,0.1538532548,0.3095304423,0.01338070101
2021-10-06,1.154201293,0.7253209545,0.5901445854,0.1815244423,0.7918910358,1.077237962,0.1551205287,0.04541408563,0.1551397809,1.358326542,0.1284208093,0.1537302649,0.3081854043,0.01335291761
2021-10-05,1.160227405,0.7280139779,0.5932253663,0.1838505663,0.7940289027,1.079097874,0.15509647,0.04584317051,0.1559843392,1.362212233,0.1284488517,0.1545905669,0.3095783543,0.01341457198
2021-10-04,1.163602513,0.7292350325,0.5949547834,0.1859392722,0.7932730446,1.080613789,0.1551205287,0.04595567116,0.1564528999,1.360544218,0.1284373033,0.1552915599,0.3106554831,0.01346719727
2021-10-03,1.159958242,0.7256894049,0.5931198102,0.1846653863,0.7892036935,1.074922068,0.1551205287,0.04583350521,0.1559721746,1.354279523,0.1284554516,0.154707757,0.3105493618,0.01349229051
2021-10-02,1.159958242,0.7256894049,0.5931198102,0.1846653863,0.7892036935,1.074922068,0.1551205287,0.04583350521,0.1559721746,1.354279523,0.1284554516,0.154707757,0.3105493618,0.01349229051
2021-10-01,1.159958242,0.7256894049,0.5931198102,0.1846653863,0.7892036935,1.074922068,0.1551205287,0.04583350521,0.1559721746,1.354279523,0.1284554516,0.154707757,0.3105493618,0.01349229051
2021-09-30,1.157943492,0.7194244604,0.5920312593,0.1848770568,0.7849909726,1.069175666,0.1547029703,0.04541676696,0.1557147306,1.345532831,0.1283927792,0.1546144688,0.3099045494,0.0134519798
2021-09-29,1.165365342,0.7233273056,0.5958765344,0.1843453895,0.787835815,1.076194576,0.1546718636,0.04577916133,0.1567250729,1.348254011,0.1284703041,0.1554388037,0.3114003675,0.013477979
2021-09-28,1.167815018,0.7246901949,0.5970862193,0.1850070303,0.7903264048,1.077354019,0.1548131405,0.04576554312,0.1570475069,1.358695652,0.1284967169,0.1556807921,0.3113712791,0.01349128935
2021-09-27,1.169864296,0.7252683493,0.5981218972,0.1881113619,0.7897646501,1.078167116,0.1547173314,0.04597722288,0.1573168046,1.369487812,0.1284736051,0.1559162418,0.3125586047,0.0135389631
2021-09-26,1.171920778,0.7249528781,0.5991970759,0.1880087988,0.7867820614,1.082133968,0.1545977367,0.04612333379,0.1575944779,1.367427868,0.1284422524,0.1563477173,0.3125097659,0.0135525228
2021-09-25,1.171920778,0.7249528781,0.5991970759,0.1880087988,0.7867820614,1.082133968,0.1545977367,0.04612333379,0.1575944779,1.367427868,0.1284422524,0.1563477173,0.3125097659,0.0135525228
2021-09-24,1.171920778,0.7249528781,0.5991970759,0.1880087988,0.7867820614,1.082133968,0.1545977367,0.04612333379,0.1575944779,1.367427868,0.1284422524,0.1563477173,0.3125097659,0.0135525228
2021-09-23,1.171508903,0.7271669575,0.5989817311,0.1895986197,0.7888923951,1.081665765,0.1548730815,0.04620943966,0.1575398576,1.370238421,0.1284472018,0.1563135024,0.3124707059,0.01356421435
2021-09-22,1.172882946,0.7250054375,0.5997001499,0.1902949572,0.7821054278,1.08401084,0.1546335957,0.04621349711,0.1577311945,1.363884343,0.1284208093,0.1565214669,0.3120124805,0.01354044803
2021-09-21,1.173846696,0.724585175,0.6001680471,0.1878604573,0.782778865,1.082368222,0.1545595054,0.04621264285,0.1578531965,1.367240908,0.1284406026,0.156558224,0.3116526942,0.01357159628
2021-09-20,1.171097318,0.7228567298,0.5987665409,0.1873922495,0.7778469197,1.076078769,0.1546503356,0.04604835999,0.157492716,1.366493577,0.1284274064,0.1560330166,0.3111774956,0.01357450708
2021-09-19,1.177995052,0.7311544929,0.602300789,0.1898794266,0.7898894155,1.077702339,0.1549114681,0.04656859321,0.1584183512,1.380071764,0.1284752557,0.156875049,0.3120319521,0.01361322116
2021-09-18,1.177995052,0.7311544929,0.602300789,0.1898794266,0.7898894155,1.077702339,0.1549114681,0.04656859321,0.1584183512,1.380071764,0.1284752557,0.156875049,0.3120319521,0.01361322116
2021-09-17,1.177995052,0.7311544929,0.602300789,0.1898794266,0.7898894155,1.077702339,0.1549114681,0.04656859321,0.1584183512,1.380071764,0.1284752557,0.156875049,0.3120319521,0.01361322116
2021-09-16,1.176332196,0.731689471,0.6014314067,0.190923497,0.791452315,1.080613789,0.1550844435,0.046528941,0.1581903029,1.383508578,0.1284521516,0.1567545537,0.3116721209,0.01360309171
2021-09-15,1.182452406,0.7320108338,0.6045583701,0.1907741615,0.7880841674,1.090274749,0.1554388037,0.04670191104,0.1590077914,1.382743363,0.1284917637,0.1579953549,0.3121390892,0.01361231315
2021-09-14,1.181334908,0.7331378299,0.6040471157,0.1912009331,0.7902015014,1.085187195,0.1551036868,0.04653197212,0.1588739018,1.385617293,0.1285545328,0.1580253157,0.3111581306,0.01357353053
2021-09-13,1.177995052,0.7355645458,0.602300789,0.1913472762,0.7889546351,1.083423619,0.1548802775,0.04647315246,0.1584133321,1.383891503,0.1285446178,0.1575398576,0.3116818352,0.01356454553
2021-09-12,1.184132623,0.7406858751,0.6054368227,0.1927376455,0.7937137868,1.090988436,0.1553373928,0.0468245904,0.1592356688,1.388888889,0.1285859404,0.158172788,0.3126661039,0.0136186532
2021-09-11,1.184132623,0.7406858751,0.6054368227,0.1927376455,0.7937137868,1.090988436,0.1553373928,0.0468245904,0.1592356688,1.388888889,0.1285859404,0.158172788,0.3126661039,0.0136186532
2021-09-10,1.184132623,0.7406858751,0.6054368227,0.1927376455,0.7937137868,1.090988436,0.1553373928,0.0468245904,0.1592356688,1.388888889,0.1285859404,0.158172788,0.3126661039,0.0136186532
2021-09-09,1.183852255,0.738279808,0.6052902367,0.1888930865,0.7890791446,1.089918256,0.1549426712,0.04661005099,0.1591951095,1.383700014,0.1285727143,0.1581377696,0.3121293464,0.01359587882
2021-09-08,1.182732111,0.7379529186,0.6047046018,0.1916296183,0.7893905905,1.086248099,0.1548514974,0.04657401543,0.1590507849,1.377220768,0.1285942081,0.1581352689,0.311759571,0.0135926078
2021-09-07,1.185958254,0.7392075695,0.606391365,0.1934011527,0.7940289027,1.092776746,0.1546886118,0.04665071212,0.1594896332,1.377220768,0.1286372173,0.1585766163,0.3119540804,0.01361097916
2021-09-06,1.186380354,0.7437156032,0.6066120716,0.1924779613,0.7971303308,1.091583888,0.1548610896,0.04670692804,0.1595481596,1.38427464,0.1286405269,0.1584610265,0.3124218945,0.01368183709
2021-09-05,1.187225454,0.7438262422,0.6070171179,0.1937383757,0.797893561,1.092896175,0.1550772285,0.04669973008,0.159652596,1.383125864,0.1286454916,0.1583506199,0.3122365504,0.0136924779
2021-09-04,1.187225454,0.7438262422,0.6070171179,0.1937383757,0.797893561,1.092896175,0.1550772285,0.04669973008,0.159652596,1.383125864,0.1286454916,0.1583506199,0.3122365504,0.0136924779
2021-09-03,1.187225454,0.7438262422,0.6070171179,0.1937383757,0.797893561,1.092896175,0.1550772285,0.04669973008,0.159652596,1.383125864,0.1286454916,0.1583506199,0.3122365504,0.0136924779
2021-09-02,1.184553423,0.7386069872,0.6056935191,0.1928417155,0.7927070947,1.091941472,0.1548443041,0.0466709604,0.1593066973,1.378739832,0.1286554222,0.1579254908,0.3114973678,0.01369155929
2021-09-01,1.181753723,0.7345379756,0.6041931001,0.1940843102,0.7942180923,1.089680724,0.1546312046,0.0465127096,0.1589142975,1.376273053,0.1285760206,0.1577710112,0.3122365504,0.01368531976
2021-08-31,1.183431953,0.7324934076,0.6050704907,0.1927785168,0.7944704854,1.095890411,0.154762826,0.04636606004,0.1591444395,1.377979881,0.1285099274,0.1579978512,0.3118276217,0.01369913682
2021-08-30,1.180080245,0.7299270073,0.6033910577,0.1917950095,0.79377679,1.092896175,0.1545714507,0.04615888812,0.1586999302,1.376273053,0.1284241078,0.157482795,0.3105686512,0.0136422298
2021-08-29,1.17605551,0.7251105794,0.6013229104,0.1906395958,0.7885813422,1.089443294,0.1543543358,0.04600789495,0.1581577782,1.372306848,0.1283680569,0.1570524398,0.3094442381,0.01356500554
2021-08-28,1.17605551,0.7251105794,0.6013229104,0.1906395958,0.7885813422,1.089443294,0.1543543358,0.04600789495,0.1581577782,1.372306848,0.1283680569,0.1570524398,0.3094442381,0.01356500554
2021-08-27,1.17605551,0.7251105794,0.6013229104,0.1906395958,0.7885813422,1.089443294,0.1543543358,0.04600789495,0.1581577782,1.372306848,0.1283680569,0.1570524398,0.3094442381,0.01356500554
2021-08-26,1.17674747,0.7261109498,0.6016485169,0.1913143294,0.7930214116,1.090631476,0.1542495758,0.04606193488,0.1582303517,1.372683596,0.1284257571,0.1571338781,0.3102121851,0.01348901455
2021-08-25,1.173571177,0.724847782,0.600060006,0.1901899998,0.7915149596,1.092896175,0.154359101,0.04596771228,0.1578133384,1.371177842,0.1284637026,0.1566366968,0.309453814,0.0134661273
2021-08-24,1.173984503,0.7245326764,0.600276127,0.1872974846,0.7920792079,1.096010522,0.1543876984,0.04597975971,0.1578581802,1.371930306,0.1283795928,0.1566636901,0.3106747856,0.01348455816
2021-08-23,1.171783454,0.7183908046,0.5991252771,0.1865149678,0.7858546169,1.090631476,0.1542043825,0.04592781067,0.1575646803,1.368363437,0.128328521,0.1563281641,0.3095304423,0.01348214021
2021-08-22,1.16713352,0.712809181,0.59672992,0.1834424816,0.7745333437,1.089680724,0.1538603563,0.04566293448,0.1569365976,1.361099769,0.1283598182,0.1556347564,0.3081474177,0.01344546854
2021-08-21,1.16713352,0.712809181,0.59672992,0.1834424816,0.7745333437,1.089680724,0.1538603563,0.04566293448,0.1569365976,1.361099769,0.1283598182,0.1556347564,0.3081474177,0.01344546854
2021-08-20,1.16713352,0.712809181,0.59672992,0.1834424816,0.7745333437,1.089680724,0.1538603563,0.04566293448,0.1569365976,1.361099769,0.1283598182,0.1556347564,0.3081474177,0.01344546854
2021-08-19,1.169590643,0.7166917509,0.5980145916,0.1837188367,0.7839448103,1.090750436,0.1540950767,0.04586482718,0.1572697963,1.36761488,0.1283565231,0.1558895055,0.3075976623,0.0134440586
2021-08-18,1.172332943,0.7250054375,0.5994125757,0.1893473198,0.7924558206,1.092896175,0.1542995572,0.04606830086,0.1576342255,1.376273053,0.1284026708,0.1564039601,0.3093102382,0.01346743305
2021-08-17,1.17674747,0.7291286912,0.6016485169,0.1895914305,0.7930214116,1.098418278,0.1543328961,0.04625218542,0.1582328555,1.379120121,0.1283153478,0.157082044,0.3097317723,0.01345737444
2021-08-16,1.177163037,0.7330303475,0.6019020104,0.1894334047,0.7963685594,1.094211621,0.154402001,0.04629715365,0.1582954743,1.386962552,0.1284571018,0.1570721747,0.3108486167,0.01347380221
2021-08-15,1.176470588,0.7350238883,0.6015399423,0.1909563092,0.7990411506,1.086484137,0.1543209877,0.04634435711,0.1581953079,1.382552191,0.1284769063,0.1569021245,0.3109356052,0.0134651119
2021-08-14,1.176470588,0.7350238883,0.6015399423,0.1909563092,0.7990411506,1.086484137,0.1543209877,0.04634435711,0.1581953079,1.382552191,0.1284769063,0.1569021245,0.3109356052,0.0134651119
2021-08-13,1.176470588,0.7350238883,0.6015399423,0.1909563092,0.7990411506,1.086484137,0.1543209877,0.04634435711,0.1581953079,1.382552191,0.1284769063,0.1569021245,0.3109356052,0.0134651119
2021-08-12,1.173846696,0.735402265,0.6002040694,0.1916149306,0.7989134777,1.084481076,0.1543876984,0.04622930661,0.1578432301,1.385233412,0.1285247924,0.1565459697,0.3104144032,0.01347614453
2021-08-11,1.171783454,0.7343222206,0.5991252771,0.1917435239,0.7984031936,1.083188908,0.1541924939,0.046124823,0.1575572327,1.383508578,0.1285049731,0.1563330519,0.3108679433,0.01344416705
2021-08-10,1.172195522,0.7342143906,0.5993407252,0.1906904903,0.7958615201,1.08401084,0.1542876539,0.0461823371,0.157611865,1.386193513,0.1284917637,0.1563257203,0.3099045494,0.01344373327
2021-08-09,1.17605551,0.7349698662,0.6013229104,0.1905088491,0.7975117633,1.090393632,0.1543638665,0.04631945602,0.1581427713,1.387732445,0.1285066245,0.1568233855,0.3107230525,0.01346892047
2021-08-08,1.180637544,0.7394262053,0.603682463,0.1916920659,0.7997440819,1.100957833,0.1545833977,0.0464604134,0.1587578784,1.391594768,0.128579327,0.1574728753,0.3109839532,0.01349381983
2021-08-07,1.180637544,0.7394262053,0.603682463,0.1916920659,0.7997440819,1.100957833,0.1545833977,0.0464604134,0.1587578784,1.391594768,0.128579327,0.1574728753,0.3109839532,0.01349381983
2021-08-06,1.180637544,0.7394262053,0.603682463,0.1916920659,0.7997440819,1.100957833,0.1545833977,0.0464604134,0.1587578784,1.391594768,0.128579327,0.1574728753,0.3109839532,0.01349381983
2021-08-05,1.184974523,0.7410701052,0.605877007,0.1940579457,0.7997440819,1.104118361,0.1547915731,0.04662591562,0.1593473134,1.393145723,0.1285809803,0.1579828747,0.3115555971,0.0134926546
2021-08-04,1.186098921,0.7412348973,0.606464916,0.1925187224,0.7971303308,1.105460977,0.1547676164,0.04662352437,0.1594921769,1.392951665,0.1285942081,0.1581277672,0.3118470702,0.01348492183
2021-08-03,1.188495365,0.7388252678,0.607681089,0.1923409821,0.7990411506,1.107174491,0.1547173314,0.04662613302,0.1597954618,1.392369813,0.1285859404,0.1584560047,0.3110323163,0.01347238632
2021-08-02,1.188636634,0.736377025,0.6077180188,0.1933974123,0.8022462896,1.104484206,0.1547508511,0.04665571812,0.1597980153,1.389081817,0.1286388721,0.1585590157,0.3101736973,0.01344631826
2021-08-01,1.189060642,0.737082627,0.6079766537,0.1958480219,0.8039231449,1.103996467,0.1547532459,0.04662961167,0.1598695465,1.396648045,0.1286190176,0.1585414189,0.3096358682,0.01345225123
2021-07-31,1.189060642,0.737082627,0.6079766537,0.1958480219,0.8039231449,1.103996467,0.1547532459,0.04662961167,0.1598695465,1.396648045,0.1286190176,0.1585414189,0.3096358682,0.01345225123
2021-07-30,1.189060642,0.737082627,0.6079766537,0.1958480219,0.8039231449,1.103996467,0.1547532459,0.04662961167,0.1598695465,1.396648045,0.1286190176,0.1585414189,0.3096358682,0.01345225123
2021-07-29,1.187366421,0.7392075695,0.6070539671,0.1965099827,0.8017960231,1.100594321,0.1548155373,0.04654973374,0.1596347557,1.395478649,0.1286736322,0.1581277672,0.3082234003,0.01346641745
2021-07-28,1.180637544,0.7342143906,0.603682463,0.1937759175,0.7956082425,1.09301563,0.1538935057,0.04607615467,0.1587528377,1.387539892,0.1285049731,0.1572871119,0.3067390571,0.0134425586
2021-07-27,1.181055864,0.7368110816,0.6038282712,0.1926967916,0.7958615201,1.092896175,0.1537775454,0.04598018254,0.1587982151,1.38121547,0.1284884617,0.1573316551,0.3074652564,0.01343372806
2021-07-26,1.178689298,0.7362143856,0.6026637739,0.1915158479,0.7961783439,1.088731628,0.1542281651,0.04599096737,0.1584861404,1.379120121,0.128600823,0.1566489653,0.3062599534,0.01343546075
2021-07-25,1.17674747,0.7380073801,0.6016485169,0.1928714705,0.7957348611,1.085658452,0.1543733984,0.04587534751,0.1581978105,1.375515818,0.128713381,0.1561572816,0.3055581019,0.01343410705
2021-07-24,1.17674747,0.7380073801,0.6016485169,0.1928714705,0.7957348611,1.085658452,0.1543733984,0.04587534751,0.1581978105,1.375515818,0.128713381,0.1561572816,0.3055581019,0.01343410705
2021-07-23,1.17674747,0.7380073801,0.6016485169,0.1928714705,0.7957348611,1.085658452,0.1543733984,0.04587534751,0.1581978105,1.375515818,0.128713381,0.1561572816,0.3055581019,0.01343410705
2021-07-22,1.177440245,0.7378440198,0.6020469597,0.1929421752,0.796749263,1.08731108,0.1546240317,0.04592612324,0.1583054979,1.376273053,0.1286802553,0.1563330519,0.3056514962,0.01343235667
2021-07-21,1.177163037,0.731689471,0.6019020104,0.1906941266,0.7883948281,1.085187195,0.1544854861,0.04581439672,0.1582578971,1.363140676,0.1286305986,0.1563843928,0.30375748,0.01340935544
2021-07-20,1.177440245,0.732171621,0.6020469597,0.1910511635,0.7838219157,1.086484137,0.1543138435,0.04592085082,0.1583054979,1.360544218,0.1286471466,0.1565606751,0.3033980583,0.01339270767
2021-07-19,1.176609013,0.733406674,0.601612321,0.193479733,0.782962731,1.085422772,0.1541188256,0.04595187001,0.1581953079,1.369487812,0.1287034415,0.1567447255,0.3033980583,0.01333619617
2021-07-18,1.180219521,0.7419498442,0.603427468,0.1962207876,0.7944073721,1.087429317,0.1545308444,0.04621349711,0.1586697131,1.383700014,0.1287249791,0.1574282521,0.3042102701,0.01340664085
2021-07-17,1.180219521,0.7419498442,0.603427468,0.1962207876,0.7944073721,1.087429317,0.1545308444,0.04621349711,0.1586697131,1.383700014,0.1287249791,0.1574282521,0.3042102701,0.01340664085
2021-07-16,1.180219521,0.7419498442,0.603427468,0.1962207876,0.7944073721,1.087429317,0.1545308444,0.04621349711,0.1586697131,1.383700014,0.1287249791,0.1574282521,0.3042102701,0.01340664085
2021-07-15,1.180916391,0.7438262422,0.6037918126,0.196571788,0.7974481659,1.090631476,0.154762826,0.04615228408,0.1587755232,1.386193513,0.1287415513,0.1576267713,0.3063068582,0.01341154949
2021-07-14,1.18119537,0.7467702188,0.6039376736,0.1949469744,0.8017960231,1.089680724,0.1548754801,0.046057904,0.1588158689,1.387154945,0.1287531545,0.1576441656,0.3054367746,0.01342447658
2021-07-13,1.184413123,0.7477194557,0.6055834797,0.193162063,0.8012178511,1.090869423,0.1546264226,0.04618617648,0.1592356688,1.385041551,0.1287813422,0.1580877703,0.3049152336,0.01341520184
2021-07-12,1.185255423,0.7459903021,0.6059871531,0.1898577965,0.8001280205,1.092179991,0.1544210754,0.04607551777,0.1593549312,1.385041551,0.1287531545,0.1581352689,0.3045252451,0.01340558048
2021-07-11,1.185817621,0.7472724555,0.6062810719,0.1901249121,0.8003201281,1.092657343,0.1543328961,0.04597722288,0.1594514869,1.382743363,0.1287282932,0.1582553926,0.3046458492,0.01341842403
2021-07-10,1.185817621,0.7472724555,0.6062810719,0.1901249121,0.8003201281,1.092657343,0.1543328961,0.04597722288,0.1594514869,1.382743363,0.1287282932,0.1582553926,0.3046458492,0.01341842403
2021-07-09,1.185817621,0.7472724555,0.6062810719,0.1901249121,0.8003201281,1.092657343,0.1543328961,0.04597722288,0.1594514869,1.382743363,0.1287282932,0.1582553926,0.3046458492,0.01341842403
2021-07-08,1.183852255,0.7418947993,0.6052902367,0.1895195679,0.794849376,1.090988436,0.1540760828,0.04571721162,0.1591849729,1.374381528,0.1287200082,0.1580228185,0.3049245312,0.01336007129
2021-07-07,1.183151917,0.7530120482,0.604924082,0.1932404491,0.8043758044,1.083775875,0.1546981838,0.04605641911,0.1591013953,1.383700014,0.1287382365,0.1580278129,0.3061099547,0.01340130475
2021-07-06,1.183852255,0.7572315614,0.6052902367,0.1963440734,0.8086035417,1.083071591,0.1546551191,0.04622417802,0.1591951095,1.385425326,0.1287548122,0.1581452722,0.3063443924,0.01341984661
2021-07-05,1.18666192,0.7528986598,0.6067224851,0.1975386682,0.8089305938,1.085187195,0.1547532459,0.04637702668,0.1595761657,1.385233412,0.1287233221,0.1584560047,0.30651341,0.013459548
2021-07-04,1.182312603,0.7466029565,0.6045218232,0.1989693388,0.8055421299,1.080263584,0.154359101,0.04617274146,0.1589976786,1.374759417,0.1287382365,0.1578781181,0.3054367746,0.01338874489
2021-07-03,1.182312603,0.7466029565,0.6045218232,0.1989693388,0.8055421299,1.080263584,0.154359101,0.04617274146,0.1589976786,1.374759417,0.1287382365,0.1578781181,0.3054367746,0.01338874489
2021-07-02,1.182312603,0.7466029565,0.6045218232,0.1989693388,0.8055421299,1.080263584,0.154359101,0.04617274146,0.1589976786,1.374759417,0.1287382365,0.1578781181,0.3054367746,0.01338874489
2021-07-01,1.18835413,0.7504690432,0.6076441636,0.2015763269,0.808538163,1.081782778,0.1546551191,0.04659115793,0.1598158921,1.381406272,0.1287912937,0.1586797842,0.3067014262,0.01341930636
2021-06-30,1.18835413,0.7496251874,0.6076441636,0.2012517861,0.8072328059,1.082368222,0.1548562934,0.04662591562,0.159813338,1.385041551,0.1287631016,0.158636991,0.3065791894,0.01345500244
2021-06-29,1.188777936,0.7518796992,0.6078288354,0.2020855226,0.8084074373,1.084128361,0.154762826,0.04666159611,0.159864435,1.383125864,0.1288012468,0.1585917057,0.306710833,0.01346242905
2021-06-28,1.191043354,0.7560293339,0.6089763108,0.2013206636,0.8108984755,1.08577633,0.1548323166,0.04670780067,0.1601486179,1.389660923,0.12881452,0.1588764259,0.3066920199,0.01345853359
2021-06-27,1.195028681,0.7598784195,0.6109855196,0.2038029633,0.813140348,1.090750436,0.1549162678,0.04688672168,0.1606993636,1.390433815,0.1288394146,0.1593854099,0.3079007328,0.01347505498
2021-06-26,1.195028681,0.7598784195,0.6109855196,0.2038029633,0.813140348,1.090750436,0.1549162678,0.04688672168,0.1606993636,1.390433815,0.1288394146,0.1593854099,0.3079007328,0.01347505498
2021-06-25,1.195028681,0.7598784195,0.6109855196,0.2038029633,0.813140348,1.090750436,0.1549162678,0.04688672168,0.1606993636,1.390433815,0.1288394146,0.1593854099,0.3079007328,0.01347505498
2021-06-24,1.193602292,0.7575757576,0.6102770658,0.2021631457,0.8132064731,1.088376143,0.1546264226,0.04694967933,0.1605110672,1.389854065,0.1287946112,0.1591621703,0.3077017754,0.01348670413
2021-06-23,1.195028681,0.7582075972,0.6110601894,0.2018652348,0.8147967082,1.090155892,0.1544186908,0.04703646737,0.1607148597,1.398797035,0.1287730504,0.1593270027,0.3072007864,0.0134814677
2021-06-22,1.189343482,0.7519362358,0.6081245439,0.1992905257,0.8076892012,1.086956522,0.1544401544,0.04658291059,0.1599513748,1.390047262,0.1287713921,0.1586193769,0.3065979887,0.01345878717
2021-06-21,1.189060642,0.7515971439,0.6079766537,0.1975503753,0.8057368463,1.085540599,0.1545977367,0.04650557137,0.1599027791,1.387925052,0.1287929524,0.1585565016,0.3060818463,0.0134839945
2021-06-20,1.189767995,0.7515406583,0.6083465142,0.1997164027,0.8082114281,1.087429317,0.155286737,0.0466241765,0.15999744,1.386962552,0.1287962701,0.1586722308,0.3058571647,0.01351588793
2021-06-19,1.189767995,0.7515406583,0.6083465142,0.1997164027,0.8082114281,1.087429317,0.155286737,0.0466241765,0.15999744,1.386962552,0.1287962701,0.1586722308,0.3058571647,0.01351588793
2021-06-18,1.189767995,0.7515406583,0.6083465142,0.1997164027,0.8082114281,1.087429317,0.155286737,0.0466241765,0.15999744,1.386962552,0.1287962701,0.1586722308,0.3058571647,0.01351588793
2021-06-17,1.193744777,0.7572889057,0.6103515625,0.1980080391,0.8110300081,1.092657343,0.1552746809,0.04679347699,0.1605110672,1.395673412,0.1287780253,0.1592661018,0.3066355943,0.01349103453
2021-06-16,1.212415131,0.771307366,0.619885941,0.1985505808,0.8212203334,1.112718371,0.1562744179,0.04759728886,0.1630310737,1.412628902,0.1288327751,0.1616971735,0.3087467968,0.01364094575
2021-06-15,1.210800339,0.7691716022,0.6190800471,0.1972192092,0.8204118467,1.110987668,0.1562280304,0.04757554997,0.1628240198,1.405481377,0.1288211576,0.1616919445,0.3082994204,0.0136346593
2021-06-14,1.21124031,0.7716644803,0.6192717364,0.1958403509,0.8218952905,1.112347052,0.1562817447,0.04764377701,0.1628823664,1.410039481,0.1288394146,0.1617311704,0.3081664099,0.01365478518
2021-06-13,1.212562144,0.7729169887,0.6199628022,0.1968969048,0.8255593164,1.114081996,0.1564137456,0.0478587974,0.1630549985,1.414627246,0.12886764,0.1618489625,0.3078912528,0.013674073
2021-06-12,1.212562144,0.7729169887,0.6199628022,0.1968969048,0.8255593164,1.114081996,0.1564137456,0.0478587974,0.1630549985,1.414627246,0.12886764,0.1618489625,0.3078912528,0.013674073
2021-06-11,1.212562144,0.7729169887,0.6199628022,0.1968969048,0.8255593164,1.114081996,0.1564137456,0.0478587974,0.1630549985,1.414627246,0.12886764,0.1618489625,0.3078912528,0.013674073
2021-06-10,1.21743365,0.7738740133,0.6224712107,0.1981689192,0.825968448,1.115946881,0.1564210856,0.04794622352,0.1637089909,1.410835214,0.1288709615,0.162353476,0.3084706028,0.01368277311
2021-06-09,1.219512195,0.7751937984,0.623519142,0.1987953005,0.8279516476,1.11744329,0.1565900941,0.04805543675,0.1639855037,1.41723356,0.1288908939,0.1625461225,0.3083089255,0.01370841381
2021-06-08,1.218175174,0.7750135627,0.6228589225,0.1987281399,0.8283631544,1.116196004,0.1563037294,0.04797198436,0.1638162637,1.414827391,0.1288742831,0.1624800962,0.3083564601,0.01372186332
2021-06-07,1.216249088,0.7757350089,0.6218518749,0.1981139551,0.8284317786,1.112347052,0.1563330519,0.04788194228,0.163534972,1.417032733,0.1288958779,0.1621481385,0.3077301822,0.01373764127
2021-06-06,1.211680601,0.7666947788,0.6195403011,0.1958326806,0.8254230293,1.106439478,0.156011108,0.04760907238,0.1629327902,1.414027149,0.1289041855,0.1614856681,0.307068722,0.01369769194
2021-06-05,1.211680601,0.7666947788,0.6195403011,0.1958326806,0.8254230293,1.106439478,0.156011108,0.04760907238,0.1629327902,1.414027149,0.1289041855,0.1614856681,0.307068722,0.01369769194
2021-06-04,1.211680601,0.7666947788,0.6195403011,0.1958326806,0.8254230293,1.106439478,0.156011108,0.04760907238,0.1629327902,1.414027149,0.1289041855,0.1614856681,0.307068722,0.01369769194
2021-06-03,1.218769043,0.7717240315,0.6231306082,0.1969007817,0.8285004143,1.111852346,0.1564235324,0.04788973867,0.1638806949,1.417836382,0.1288942165,0.1624642579,0.307768066,0.01371243649
2021-06-02,1.218620522,0.7733952049,0.6230529595,0.1937646535,0.8287063893,1.109631602,0.1566072603,0.04785398791,0.1638672675,1.414827391,0.1288776049,0.1623877495,0.3073424102,0.0136793853
2021-06-01,1.222493888,0.7740537193,0.6250781348,0.1922300609,0.8311861026,1.112718371,0.1566440577,0.04801275219,0.164389867,1.416831964,0.1288842491,0.1628160667,0.3084896347,0.01371815502
2021-05-31,1.220107369,0.7734550236,0.6238303182,0.191032915,0.8285004143,1.110987668,0.1569834069,0.04793358323,0.1640689089,1.418439716,0.1288526956,0.1625461225,0.3080430028,0.0137799887
2021-05-30,1.214181642,0.7686985933,0.6208095356,0.1901827656,0.8253549026,1.107787748,0.1568283044,0.04770741994,0.1632733032,1.415828968,0.1288327751,0.1615065329,0.3075314451,0.01378426251
2021-05-29,1.214181642,0.7686985933,0.6208095356,0.1901827656,0.8253549026,1.107787748,0.1568283044,0.04770741994,0.1632733032,1.415828968,0.1288327751,0.1615065329,0.3075314451,0.01378426251
2021-05-28,1.214181642,0.7686985933,0.6208095356,0.1901827656,0.8253549026,1.107787748,0.1568283044,0.04770741994,0.1632733032,1.415828968,0.1288327751,0.1615065329,0.3075314451,0.01378426251
2021-05-27,1.21980971,0.7743534149,0.6236746913,0.1885796183,0.8271982794,1.112223334,0.1567692983,0.04794990194,0.1640339222,1.41723356,0.1288344349,0.1622718053,0.3078817734,0.01377325097
2021-05-26,1.222942399,0.7773027594,0.6252735572,0.1881219783,0.8271982794,1.115946881,0.1564822784,0.04804920238,0.1644574549,1.416631251,0.1288327751,0.1627816122,0.3077017754,0.01374492984
2021-05-25,1.226391955,0.7769404087,0.6270771932,0.1887647236,0.8309788931,1.11719361,0.1561109637,0.04819439692,0.1649266901,1.416631251,0.1288277959,0.1632599752,0.3086610285,0.01374332418
2021-05-24,1.221150324,0.7727378101,0.6244146113,0.1870172617,0.8289811821,1.114578689,0.1555935895,0.04803327745,0.1642197918,1.413227812,0.1287730504,0.16273393,0.3068990916,0.01371337671
2021-05-23,1.218769043,0.7763975155,0.6231694398,0.188586731,0.8302200083,1.112966055,0.1554726368,0.04788629877,0.1639021832,1.419446416,0.1287846592,0.1622849724,0.3073235195,0.01372491429
2021-05-22,1.218769043,0.7763975155,0.6231694398,0.188586731,0.8302200083,1.112966055,0.1554726368,0.04788629877,0.1639021832,1.419446416,0.1287846592,0.1622849724,0.3073235195,0.01372491429
2021-05-21,1.218769043,0.7763975155,0.6231694398,0.188586731,0.8302200083,1.112966055,0.1554726368,0.04788629877,0.1639021832,1.419446416,0.1287846592,0.1622849724,0.3073235195,0.01372491429
2021-05-20,1.220256254,0.7754943777,0.6239470893,0.188996617,0.8257638315,1.110247585,0.1553277415,0.04781920515,0.1640985248,1.412429379,0.1288244767,0.1625012188,0.3062318175,0.01368616261
2021-05-19,1.221150324,0.7746533426,0.6244146113,0.1892756421,0.8280887711,1.1093854,0.1553808384,0.04799362645,0.1642278826,1.416229996,0.1287929524,0.1626095582,0.3065415977,0.01367082032
2021-05-18,1.222195062,0.7808839606,0.6249218848,0.1907159477,0.8318083514,1.114827202,0.1556929113,0.04806698615,0.1643547433,1.421262081,0.1287713921,0.1625170643,0.3054927598,0.01369703528